Site,Year,Site_name,Initiation_year,PI1_name,PI2_name,PI1_institution,PI2_institution,Crew_leader_1_name,Crew_leader_2_name,Crew_leader_1_Institution,Crew_leader_2_Institution,Type_of_study,Total_field_crew_members,Field_season_start_date,Field_season_end_date,Permanent_settlement_50km,Industrial_development,Human_activity_description,Field_station,Summer_only_field_camp,Site_features,SESA_band,SESA_nest,SESA_sideproject,SESA_sideproject_desc,DUNL_band,DUNL_nest,DUNL_sideproject,DUNL_sideproject_desc,WESA_band,WESA_nest,WESA_sideproject,WESA_sideproject_desc,REPH_band,REPH_nest,REPH_sideproject,REPH_sideproject_desc,RNPH_band,RNPH_nest,RNPH_sideproject,RNPH_sideproject_desc,WHIM_band,WHIM_nest,WHIM_sideproject,WHIM_sideproject_desc,PESA_band,PESA_nest,PESA_sideproject,PESA_sideproject_desc,Adult_survival,Intensive_nest,Minimum_nest,Snow_survey,Lemming_index,Predator_survey,Food_resources,Food_freq,Weather_station,Adult_band_start,Adult_band_end,Adult_band_interval,Nest_survival_start,Nest_survival_end,Nest_survival_interval,Snow_start,Snow_end,Snow_interval,Predator_start,Predator_end,Predator_interval,Terre_food_start,Terre_food_end,Terre_food_interval,Aqua_food_start,Aqua_food_end,Aqua_food_interval,Weather_start,Weather_end,Weather_interval,Lemming_start,Lemming_end,Snow_present,Snow_cover_estimate_date,River_breakup_date,Site_history,Comments
barr,2010,Barrow,2003,Richard Lanctot,Brooke Hill,USFWS,UAF/USFWS,Brooke Hill,Andy Doll,UAF/USFWS,Univ Colorado Denver,intensive,10,25-May-10,31-Jul-10,yes,yes,"Barrow town nearby, road system, gas well system, human hunting, fox control",yes,yes,fox control 1 June-12 July,yes,yes,no,NA,yes,yes,yes,"geolocator, genetics, UCD - stable isotope",yes,yes,yes,SFU-genetics and stable isotope,yes,yes,no,NA,yes,yes,yes,SFU-genetics and stable isotope,no,no,no,NA,yes,yes,no,NA,yes,yes,no,50-m quadrat,winter / live,weekly,both,3d,permanent station,12-Jun-10,18-Jul-10,daily,09-Jun-10,30-Jul-10,daily,30-May-10,19-Jun-10,bi-daily,01-Jun-10,29-Jul-10,weekly,11-Jun-10,29-Jul-10,3d,20-Jun-10,29-Jul-10,3d,25-May-10,31-Jul-10,daily,25-May-10,30-Jul-10,yes,12-Jun-10,,USFWS conducted intensive shorebird ecology study at Barrow from 2003 to 2009; additional work done by F Pitelka and others between 1951 and 1980.,
barr,2011,Barrow,2003,Richard Lanctot,NA,USFWS,NA,Brooke Hill,Andrew Doll,University of Alaska Fairbanks; USFWS,University of Colorado Denver,intensive,"6 full-time, 3 part-time",27-May-11,01-Aug-11,yes,yes,"subsistence hunters, gas, airport, large village, road system",yes,no,"four of six plots are in the Barrow Environmental Observatory, which is protected for scientific research; a landfill covers part of a fifth plot",yes,yes,yes,"David Mizrahi, 6th pc feathers collected for stable isotope study",yes,yes,yes,geolocator; stable isotopes; paternity,yes,yes,yes,"SFU, blood and feathers for stable isotope study",yes,yes,no,NA,yes,yes,no,NA,no,no,no,NA,yes,yes,no,NA,yes,yes,no,50-m quadrat,"winter, weekly index",weekly index,both,3d,permanent station,30-May-11,25-Jul-11,daily,02-Jun-11,31-Jul-11,daily,29-May-11,26-Jul-11,"bi-daily until 14 June, then weekly",02-Jun-11,26-Jul-11,weekly,01-Jun-11,28-Jul-11,3d,01-Jun-11,28-Jul-11,3d,NA,NA,NA,02-Jun-11,26-Jul-11,yes,05-Jun-11,,"Pitellka (1951-1974), Myers (1975-1980), Robert Suydam (1992-1994), Lanctot (2003-2009)",Kaiti Ott (FWS) conducted live lemming trapping for one session in mid-late June; ocean breakup recorded by North Slope Borough Wildlife Dept (Craig George)
barr,2012,Barrow,2003,Richard Lanctot,NA,USFWS,NA,Brooke Hill,Jenny Cunningham,USFWS,University of Missouri Colombia,intensive,9,24-May-12,03-Aug-12,yes,yes,"subsistence hunters, gas, airport, large village, road system",yes,no,"four of six plots are in the Barrow Environmental Observatory, which is protected for scientific research; a landfill covers part of a fifth plot",yes,yes,yes,"David Mizrahi, 6th pc feathers collected for stable isotope study; blood and feathers for Hg; fecal",yes,yes,yes,geolocator recovery; paternity; fecal; blood and feathers for Hg,yes,yes,yes,blood and feathers for Hg; fecal,yes,yes,yes,blood and feathers for Hg; fecal,yes,yes,yes,blood and feathers for Hg; fecal,no,no,no,NA,yes,yes,yes,blood and feathers for Hg; fecal,yes,yes,no,50-m quadrat,winter,weekly,both,3d,permanent stations,11-Jun-12,24-Jul-12,daily,04-Jun-12,25-Jul-12,daily,29-May-12,12-Jun-12,"bi-daily until 12 June, then weekly",04-Jun-12,24-Jul-12,weekly,04-Jun-12,28-Jul-12,3d,07-Jun-12,28-Jul-12,3d,NA,NA,NA,NA,NA,yes,08-Jun-12,,Intensive nest monitoring ongoing since 2003.,
barr,2013,Barrow,2003,Richard Lanctot,Sarah Saalfeld,USFWS,USFWS/Manomet,Jenny Cunningham,Kirsten Grond,University of Missouri Colombia,Kansas State University,intensive,12,23-May-13,10-Aug-13,yes,yes,"subsistence hunters, gas, airport, large village, road system",yes,no,"six plots are in the Barrow Environmental Observatory, which is protected for scientific research",yes,yes,yes,blood and feathers for Hg and ASDN archive; breast feathers for moss; fecal sample; geolocators deployed,yes,yes,yes,paternity; blood and feathers for Hg and ASDN archive; breast feathers for moss; fecal sample,yes,yes,yes,blood and feathers for Hg and ASDN archive; breast feathers for moss; fecal sample,yes,yes,yes,blood and feathers for Hg and ASDN archive; breast feathers for moss; fecal sample,yes,yes,yes,blood and feathers for Hg and ASDN archive; breast feathers for moss; fecal sample,no,no,no,NA,yes,yes,yes,blood and feathers for Hg and ASDN archive; breast feathers for moss; fecal sample,yes,yes,no,50-m quadrat,winter,weekly,both,3d,permanent station,08-Jun-13,14-Jul-13,daily,04-Jun-13,24-Jul-13,daily,30-May-13,16-Jul-13,"bi-daily until 11 June, then weekly",03-Jun-13,16-Jul-13,weekly,01-Jun-13,31-Jul-13,3d,07-Jun-13,31-Jul-13,3d,NA,NA,NA,NA,NA,yes,02-Jun-13,,Intensive nest monitoring ongoing since 2003.,lemmings recorded during daily bird/mammal list
burn,2012,Burntpoint Creek,2012,Ken Abraham,Rod Brook,Ontario Ministry of Natural Resources,Ontario Ministry of Natural Resources,Mike Burrell,Kim Bennett,Ontario Ministry of Natural Resources,Ontario Ministry of Natural Resources,minimum,9,06-Jun-12,18-Jul-12,no,no,"subsistence caribou hunting grounds, Canada Goose study area since 2001",no,yes,Within Polar Bear Provincial Park.  Coastal tundra grading to taiga,no,no,no,no,no,yes,no,NA,no,no,no,NA,no,no,no,NA,no,no,no,NA,no,yes,no,NA,no,no,no,NA,no,yes,yes,no,no,no,terrestrial,2d,permanent station,NA,NA,NA,07-Jun-12,18-Jul-12,weekly,NA,NA,NA,NA,NA,NA,16-Jun-12,18-Jul-12,2d,NA,NA,NA,01-May-12,30-Aug-12,hourly,NA,NA,no,,,"previous Canada Goose breeding surveys conducted by Ministry of Natural resources (Abraham) since 2001;daily bird checklist for site during Canada goose nesting surveys, incidental small mammal trapping, breeding bird surveys, incidental insect surveys",
burn,2013,Burntpoint Creek,2012,Ken Abraham,Rod Brook,Ontario Ministry of Natural Resources,Ontario Ministry of Natural Resources,Mike Burrell,Kim Bennett,Ontario Ministry of Natural Resources,Ontario Ministry of Natural Resources,minimum,11,05-Jun-13,03-Jul-13,no,no,"subsistence caribou hunting grounds, Canada Goose study area since 2001",no,yes,Within Polar Bear Provincial Park.  Coastal tundra grading to taiga,no,no,no,no,yes,yes,yes,avian malaria,no,no,no,NA,no,no,no,NA,no,yes,no,NA,yes,yes,yes,avian malaria,no,no,no,NA,no,yes,yes,no,no,no,terrestrial,2d,permanent station,20-Jun-13,29-Jun-13,daily,05-Jun-13,30-Jun-13,weekly,NA,NA,NA,NA,NA,NA,15-Jun-13,02-Jul-13,2d,NA,NA,NA,01-Jun-13,31-Jul-13,hourly,NA,NA,no,,,"previous Canada Goose breeding surveys conducted by Ministry of Natural resources (Abraham) since 2001;daily bird checklist for site during Canada goose nesting surveys, periodic small mammal trapping, breeding bird surveys, periodic insect surveys",
cakr,2010,Cape Krusenstern,2010,Richard Lanctot,River Gates,USFWS,USFWS,River Gates,NA,USFWS,NA,minimum,2,10-Jun-10,29-Jun-10,yes,yes,"lead mining in watershed, offshore oil exploration in future years planned, stalled due to BP oil spill",no,yes,important archeology site,yes,yes,no,NA,yes,yes,yes,geolocator,yes,yes,yes,SFU,no,no,no,NA,yes,yes,yes,SFU,no,no,no,NA,no,no,no,no,yes,no,yes,no,no,no,no,NA,"other, daily weather summary ",15-Jun-10,28-Jun-10,daily,10-Jun-10,29-Jun-10,4,NA,NA,NA,NA,NA,NA,NA,NA,NA,NA,NA,NA,NA,NA,NA,NA,NA,NA,,,previous shorebird breeding surveys conducted by Park service in 1991 - 1992. Raw historic data available,
cakr,2010,Cape Krusenstern,2010,,River Gates,USFWS,USFWS,River Gates,NA,USFWS,NA,minimum,2,10-Jun-10,29-Jun-10,yes,yes,"lead mining in watershed, offshore oil exploration in future years planned, stalled due to BP oil spill",no,yes,important archeology site,yes,yes,yes,NA,yes,yes,yes,geolocator,yes,yes,yes,SFU,no,no,no,NA,yes,yes,yes,SFU,no,no,no,,no,no,no,no,yes,no,yes,no,no,no,no,NA,"other, daily weather summary ",15-Jun-10,28-Jun-10,daily,10-Jun-10,29-Jun-10,4,NA,NA,NA,NA,NA,NA,NA,NA,NA,NA,NA,NA,NA,NA,NA,NA,NA,NA,,,previous shorebird breeding surveys conducted by Park service in 1991 - 1992. Raw historic data available,
cakr,2010,Cape Krusenstern,2010,Richard Lanctot,River Gates,USFWS,USFWS,River Gates,NA,USFWS,NA,minimum,2,10-Jun-10,29-Jun-10,yes,yes,"lead mining in watershed, offshore oil exploration in future years planned, stalled due to BP oil spill",no,yes,important archeology site,yes,yes,yes,NA,yes,yes,yes,geolocator,yes,yes,yes,SFU,no,no,no,NA,yes,yes,yes,SFU,no,no,no,,no,no,no,no,yes,no,yes,no,no,no,no,NA,"other, daily weather summary ",15-Jun-10,28-Jun-10,daily,10-Jun-10,29-Jun-10,4,NA,NA,NA,NA,NA,NA,NA,NA,NA,NA,NA,NA,NA,NA,NA,NA,NA,NA,,,previous shorebird breeding surveys conducted by Park service in 1991 - 1992. Raw historic data available,
cakr,2011,Cape Krusenstern,2010,River Gates,Richard Lanctot,USFWS,USFWS,River Gates,NA,USFWS,NA,intensive,4,27-May-11,04-Jul-11,yes,yes,"lead mining in watershed, offshore oil exploration by Shell in future years planned",no,yes,important archeology site,yes,yes,yes,stable isotope,yes,yes,yes,geolocator,yes,yes,yes,SFU,no,no,no,NA,yes,yes,yes,SFU,no,no,no,NA,no,no,no,NA,yes,yes,yes,yes,not done,yes,yes,3d,camp station,01-Jun-11,30-Jun-11,daily,31-May-11,03-Jul-11,daily,07-Jun-14,28-Jun-14,weekly,27-May-11,03-Jul-11,daily,31-May-14,03-Jul-11,3d,31-May-14,03-Jul-11,3d,31-May-11,03-Jul-11,hourly,NA,NA,no,,30-May-14,shorebird surveys conducted in the 90's by the National Park Service,"moved camp to new location along the edge of lake.  Much better spot, centrally located"
cakr,2012,Cape Krusenstern,2010,River Gates,Richard Lanctot,USFWS,USFWS,River Gates,NA,USFWS,NA,intensive,4,19-May-12,08-Jul-12,yes,yes,"lead mining in watershed, offshore oil exploration by Shell in future years planned",no,yes,important archeology site,yes,yes,yes,stable isotope,yes,yes,yes,geolocator,yes,yes,yes,SFU,no,no,no,NA,yes,yes,yes,SFU,no,no,no,NA,no,no,no,NA,yes,yes,yes,yes,not done,yes,yes,3d,camp station,12-Jun-12,05-Jul-12,daily,25-May-12,18-Jun-12,daily,20-May-14,29-Jun-14,"bidaily, weekly",27-May-12,08-Jul-12,weekly,30-May-14,08-Jul-12,3d,02-Jun-14,08-Jul-12,3d,20-May-12,27-Jun-12,hourly,NA,NA,yes,21-May-12,07-Jun-14,shorebird surveys conducted in the 90's by the National Park Service,"Kotzebue weather during May, HOBO weather from 2-27 June, lost remaining weather file from HOBO"
cakr,2013,Cape Krusenstern,2010,Richard Lanctot,Megan Boldenow,USFWS,USFWS/UAF,Megan Boldenow,NA,USFWS,NA,intensive,5,24-May-13,10-Jul-13,yes,yes,"lead mining in waterhsed, offshore oil exploration planned for future years, native inholdings with fish and hunting camps nearby",no,yes,important archeology site,yes,yes,yes,"geo, Hg, avian malaria, gut microbia",yes,yes,yes,"Hg, avian malaria, gut microbia",yes,yes,yes,"Hg, avian malaria, gut microbia",no,no,no,NA,yes,yes,yes,"avian malaria, gut microbia",no,no,no,NA,no,no,no,NA,yes,yes,yes,yes,no,yes,no,no,yes,11-Jun-13,04-Jul-13,daily,30-May-13,10-Jul-13,5,27-May-13,02-Jul-13,bidaily,30-May-13,04-Jul-13,other,NA,NA,NA,NA,NA,NA,26-May-13,08-Jul-13,daily,NA,NA,yes,29-May-13,,previous shorebird breeding surveys conducted by Park service in 1991 - 1992. Raw historic data available,
cakr,2013,Cape Krusenstern,2010,Richard Lanctot,River Gates,USFWS,USFWS,River Gates,NA,USFWS,NA,minimum,2,10-Jun-13,29-Jun-13,yes,yes,"lead mining in watershed, offshore oil exploration in future years planned, stalled due to BP oil spill",no,yes,important archeology site,yes,yes,yes,NA,yes,yes,yes,geolocator,yes,yes,yes,SFU,no,no,no,NA,yes,yes,yes,SFU,no,no,no,,no,no,no,no,yes,no,yes,no,no,no,no,NA,"other, daily weather summary ",15-Jun-10,28-Jun-10,daily,10-Jun-10,29-Jun-10,4,NA,NA,NA,NA,NA,NA,NA,NA,NA,NA,NA,NA,NA,NA,NA,NA,NA,NA,,,previous shorebird breeding surveys conducted by Park service in 1991 - 1992. Raw historic data available,
cari,2010,Canning River Delta,2010,Steve Kendall,Stephen Brown,USFWS,Manomet Center for Conservation Sciences,Scott Freeman,NA,USFWS,NA,intensive,9,03-Jun-10,12-Jun-10,no,no,"gas exploration activities at Point Thomson, about 15 km to the west",no,yes,NA,yes,yes,yes,"genetics, A.I. screening, stable isotope",yes,yes,yes,"geolocator,genetics, A.I. screening, stable isotope",no,no,no,no,yes,yes,no,NA,yes,yes,yes,",genetics, stable isotope",no,no,no,NA,yes,yes,yes,"genetics, A.I. screening, stable isotope",yes,yes,no,50m quadrat,live lemming,yes,yes,3d,camp station,08-Jun-10,09-Jul-10,daily,05-Jun-10,10-Jul-10,daily,05-Jun-10,30-Jun-10,5d,06-Jun-10,30-Jun-10,weekly,10-Jun-10,07-Jul-10,3d,10-Jun-10,07-Jul-10,3d,04-Jun-10,11-Jul-10,hourly,05-Jun-10,10-Jul-10,yes,15-Jun-10,,"studies were conducted at this site in 1979-80.  Nest survival studies were conducted on plots, including the subset used in 2010, from 2002-06.  Avian Infuenza sampling was done at this site in 206-07.  Data are available for the 2002-06 study.",
cari,2011,Canning River Delta,2010,Dave Payer,Steve Kendall,USFWS,USFWS,Scott Freeman,NA,USFWS,NA,intensive,8,02-Jun-11,14-Jul-11,no,no,none,no,yes,none,yes,yes,no,NA,yes,yes,yes,geolocator,no,no,no,NA,yes,yes,no,NA,yes,yes,no,NA,no,no,no,NA,yes,yes,no,NA,yes,yes,no,50-m quadrat,winter,weekly,both,3d,camp station,10-Jun-11,05-Jul-11,daily,04-Jun-11,13-Jul-11,daily,06-Jun-11,09-Jul-11,weekly,07-Jun-11,10-Jul-11,weekly,05-Jun-11,08-Jul-11,3d,05-Jun-11,08-Jul-11,3d,05-Jun-11,13-Jun-11,hourly,04-Jun-11,13-Jun-11,yes,,,previous shorebird breeding surveys conducted in 2003-2007. Raw historic data available,
cari,2012,Canning River Delta,2010,dave payer,stephen brown,usfws,manomet center for conservation sciences,scott freeman,NA,usfws,NA,intensive,8,02-Jun-13,17-Jul-12,no,no,none,no,yes,none,yes,yes,yes,stable isotope - nj audubon,yes,yes,yes,geolocator,no,no,no,NA,yes,yes,no,NA,yes,yes,no,NA,no,no,no,NA,yes,yes,no,NA,yes,yes,no,50-m quadrat,winter,weekly,both,3d,camp station,21-Jun-12,03-Jul-12,daily,10-Jun-12,16-Jul-12,daily,05-Jun-12,30-Jun-12,weekly,05-Jun-12,10-Jul-12,weekly,06-Jun-12,12-Jul-12,3d,09-Jun-12,12-Jul-12,3d,05-Jun-12,16-Jul-12,hourly,04-Jun-12,16-Jul-12,yes,,,previous shorebird breeding surveys conducted in 2003-2007. raw historic data available,
cari,2013,Canning River Delta,2010,dave payer,stephen brown,usfws,manomet center for conservation sciences,scott freeman,NA,usfws,NA,intensive,6,02-Jun-12,21-Jul-13,no,no,none,no,yes,none,yes,yes,yes,"avian malaria - university of florida, geolocator - mount allison university",yes,yes,yes,avian malaria - university of florida,no,no,no,NA,yes,yes,yes,avian malaria - university of florida,yes,yes,yes,avian malaria - university of florida,no,no,no,NA,yes,yes,yes,avian malaria - university of florida,yes,yes,no,50-m quadrat,winter,weekly,not done,not done,camp station,08-Jun-13,26-Jun-13,daily,03-Jun-13,21-Jul-13,daily,03-Jun-13,13-Jul-13,weekly,04-Jun-13,15-Jul-13,weekly,NA,NA,NA,NA,NA,NA,03-Jun-13,20-Jul-13,hourly,03-Jun-13,20-Jul-13,yes,,,previous shorebird breeding surveys conducted in 2003-2007. raw historic data available,
chau,2012,Chaun River Delta,2012,Diana Solovyeva,Megan Boldenow,IBPN,WCS,Diana Solovyeva,Megan Boldenow,IBPN,WCS,intensive,9,16-May-12,29-Aug-12,yes,yes,"reindeer herding on site in winter, fishing camps around in summer and autumn ",yes,no,parasite study site in 1970-90th,no,no,no,no,no,yes,no,no,no,no,no,no,no,yes,no,no,no,yes,no,no,no,no,no,no,no,yes,no,no,no,yes,no,visual,winter,weekly sometimes daily,no,NA,"camp station, permanent station",,,NA,04-Jun-12,19-Jul-12,infrequent,16-May-12,05-Jun-12,daily,13-Jun-12,10-Jul-12,"weekly, daily",NA,NA,NA,NA,NA,NA,18-May-12,28-Aug-12,3 hours,31-May-12,31-May-12,yes,25-May-12,07-Jun-12,previous breeding surveys conducted by IBPN in 1970 - 1990. Raw historic data available,
chau,2013,Chaun River Delta,2013,Martin Robards,Rebecca Bentzen,WCS,WCS,Kevin Pietrzak,NA,WCS (seasonal contract),NA,minimum,3,07-Jun-13,09-Jul-13,yes,no,"Rytkuchi is ~15km away, subsistinace fishing in the rivers, fur trapping (fox, weasel, etc) has (is?) occuring in the area.",no,yes,"old research station from soviet times circa 1970s. Buildings, power from portable generator",no,no,no,NA,yes,yes,yes,geolocator,no,no,no,no,no,yes,no,no,yes,yes,no,NA,no,no,no,no,no,yes,no,no,yes,yes,no,no,no,daily,no,NA,"permanent station, in Rytkuchi",10-Jun-13,30-Jun-13,daily,07-Jun-13,09-Jul-13,daily,NA,NA,NA,07-Jun-13,07-Jul-13,daily,NA,NA,NA,NA,NA,NA,unknown,unknown,unknown,NA,NA,no,,,reserrection of Soviet era research station. bird research dates back to the 1970s. current waterfowl research dates back 10 years.,
chur,2010,Churchill,2010,Erica Nol,Nathan Senner,Trent University,Cornell University,Nathan Senner,Francois Rouseeaux,Cornell University,Trent University,minimum,7,25-May-10,02-Aug-10,yes,yes,"small town ~26km away, road system, research staiton, seasonal cabins, subsistence hunting",yes,no,long-term sub-arctic ecological research station,no,no,no,no,yes,yes,yes,geolocator,no,no,no,no,no,no,no,no,yes,yes,no,no,yes,yes,no,NA,no,no,no,no,no,no,yes,yes,yes,yes,yes,3-day,"other, daily weather summary",10-Jun-10,16-Jul-10,daily,05-Jun-10,25-Jul-10,05-Jan-00,NA,NA,NA,20-Jul-10,20-Jul-10,seasonal,02-Jun-10,01-Aug-10,3-day,02-Jun-10,01-Aug-10,3-day,NA,NA,NA,16-Jun-10,16-Jun-10,NA,,,"long-term study site for many shorebird species, including SEPL and HUGO",
chur,2011,Churchill,2010,Erica Nol (Laura McKinnon),Nathan Senner,Trent University,Cornell Lab of Ornithology,Hannah Specht,NA,Cornell Lab of Ornithology,NA,minimum,4,24-May-11,02-Aug-11,yes,no,eco-tourism,yes,no,NA,no,no,no,no,yes,yes,yes,geolocator,no,no,no,no,no,no,no,no,yes,yes,no,no,yes,yes,no,NA,no,no,no,NA,yes,"WHIM no, DUNL yes, RNPH no",yes (WHIM/RNPH),50-m quadrat,(Laura McKinnon),(Laura McKinnon),both,3-day,permanent?,21-Jun-11,15-Jul-11,"weekly* (attempted every 2-3 days, but high depredation rate prevented frequent banding?)",12-Jun-11,13-Jul-11,bidaily,24-May-11,28-Jul-11,weekly (tri-daily until snow melted),(Laura McKinnon),(Laura McKinnon),(Laura McKinnon),06-Jun-11,30-Jun-11,3d,06-Jun-11,30-Jun-11,3d,(Pete Kershaw),(Pete Kershaw),(Pete Kershaw),(Laura McKinnon),(Laura McKinnon),yes,,,"Previous shorebird work in area: Joseph Jehl, Erica Nol…",
chur,2012,Churchill,2010,Erica Nol,Laura McKinnon,Trent University,Trent University,Laura McKinnon,Johanna Purz,Trent University,Trent University,minimum,6,01-Jun-12,06-Aug-12,yes,no,town nearby,yes,no,old rocket launching site,no,no,no,no,yes,yes,no,,no,no,no,no,no,no,no,no,no,yes,no,no,yes,yes,yes,"geolocator, habitat",no,no,no,no,yes,yes,no,yes,yes,yes,yes,3 days,other  ,08-Jun-12,17-Jul-12,daily,03-Jun-12,02-Aug-12,4,06-Jun-12,10-Jul-12,variable,24-Jun-12,24-Jul-12,daily,06-Jun-12,30-Jul-12,03-Jan-00,06-Jun-12,30 jully 12,03-Jan-00,NA,NA,NA,06-Jun-12,06-Jun-12,NA,,,"intermittent shorebird monitoring since 1964, historical data being compiled by L. McKinnon",
chur,2013,Churchill,2010,Erica Nol,Laura McKinnon,Trent University,Trent University,Laura Koloski,Johanna Purz,Trent University,Trent University,minimum,11,01-Jun-13,02-Aug-13,yes,no,town nearby,yes,no,old rocket launching site,no,no,no,no,yes,yes,yes,"paternity, habitat",no,no,no,no,no,no,no,no,no,yes,no,no,yes,yes,yes,"geolocator, abundance/rapid survey, habitat",no,no,no,no,yes,yes,no,50-m quadrat,winter,not done,both,3d,other  ,08-Jun-13,10-Jul-13,daily,01-Jun-13,02-Aug-13,daily,03-Jun-13,27-Jul-13,variable,NA,NA,NA,04-Jun-13,01-Aug-13,3d,04-Jun-13,01-Aug-13,3d,NA,NA,NA,14-Jul-13,18-Jul-13,no,,,"intermittent shorebird monitoring since 1964, historical data being compiled by L. McKinnon",
colv,2011,Colville River Delta,2011,David Ward,David Pavlik,USGS,USGS,David Pavlik,NA,USGS,NA,minimum,2,18-May-11,03-Aug-11,yes,yes,"Alpine oil company ~9 miles away, hellicopter surveys frequent",no,yes,on a river delta,yes,yes,no,NA,yes,yes,no,NA,no,no,no,NA,yes,yes,no,NA,yes,yes,no,NA,no,no,no,NA,yes,yes,no,NA,yes,no,yes,50-m quadrat,winter,daily,both,3d,camp station,11-Jun-11,12-Jul-11,daily,30-May-11,28-Jul-11,daily,20-May-11,13-Jul-14,"other- every other day until 90% snow gone, then weekly",30-May-11,13-Jul-11,daily,25-May-11,13-Jul-11,3d,31-May-14,13-Jul-14,3d,11-Jun-11,NA,NA,02-Jun-14,02-Jun-14,yes,28-May-14,26-May-14,"shorebird work done in past, quite a while ago",
colv,2012,Colville River Delta,2011,David Ward,David Pavlik,USGS,USGS,David Pavlik,NA,USGS,NA,minimum,2,18-May-12,27-Jul-12,yes,yes,"Alpine oil company ~9 miles away, hellicopter surveys frequent",no,yes,on a river delta,yes,yes,no,NA,yes,yes,no,NA,no,no,no,NA,yes,yes,no,NA,no,yes,no,NA,no,no,no,NA,no,no,no,NA,yes,no,yes,50-m quadrat,winter,daily,both,3d,camp station,15-Jun-12,06-Jul-12,daily,03-Jun-12,22-Jul-12,daily,19-May-12,15-Jul-12,"other- every other day until 90% snow gone, then weekly",31-May-12,15-Jul-12,daily,25-May-12,18-Jul-12,3d,06-Jun-12,15-Jul-12,3d,19-May-12,09-Aug-12,hourly,12-Jun-12,12-Jun-12,yes,03-Jun-12,03-Jun-12,Earsnst and Bart (USGS) conducted shorebird work at the same site 1995-2000,
colv,2013,Colville River Delta,2011,David Ward,Bradley Wilkinson,USGS,USGS,Bradley Wilkinson,NA,USGS,NA,minimum,3,30-May-13,04-Aug-13,yes,yes,"multiple oil fields near campsite, significant helicopter activity around plots, village of Nuiqsut around 20 miles away, REPSOL drilling",no,yes,located within a river delta,yes,yes,no,NA,yes,yes,no,NA,no,no,no,NA,no,yes,no,NA,yes,yes,no,NA,no,no,no,NA,no,yes,no,NA,yes,no,yes,yes,yes,yes,yes,3d,camp station,17-Jun-13,07-Jul-13,bi-daily,02-Jun-13,23-Jul-13,daily,18-May-13,09-Jul-13,"bi-daily, weekly",30-May-13,16-Jul-13,daily,30-May-13,20-Jul-13,3d,05-Jun-13,20-Jul-13,3d,18-May-13,16-Jul-13,daily,15-Jun-13,15-Jun-13,3,07-Jun-13,08-Jun-13,Earsnst and Bart (USGS) conducted shorebird work at the same site 1995-2000,
eaba,2010,East Bay,1997,Grant Gilchrist,Paul Smith,Env. Canada,NA,Darry Edwards,NA,Laurentian University,NA,intensive,6,02-Jun-10,26-Jun-10,no,no,"Area occasionally used by local inuit (Coral Harbour, 80km away) for hunting",yes,yes,NA,no,no,no,no,yes,yes,yes,"feathers, genetics",no,no,no,no,yes,yes,yes,"hormones, plumage, isotopes, genetics",no,no,no,no,no,no,no,no,no,no,no,no,yes,yes,no,large quadrat,winter nest,seasonal,both,3d,camp station,05-Jun-14,19-Jul-14,daily,06-Jun-14,25-Jul-14,daily,02-Jun-14,25-Jul-14,daily,20-Jun-14,22-Jul-14,seasonal,23-Jun-14,25-Jul-14,3d,23-Jun-14,25-Jul-14,3d,03-Jun-14,27-Jul-14,other - twice daily,20-Jun-14,22-Jun-14,yes,09-Jun-14,,"Studies intiated in 1997, intensive studies of shorebirds carried out since 2000",
eaba,2011,East Bay,2010,Grant Gilchrist,NA,Environment Canada,NA,Camila Morcos,NA,NA,NA,intensive,4,11-Jun-11,25-Jul-11,no,no,none,yes,yes,NA,no,no,no,no,no,yes,no,NA,no,yes,no,NA,no,yes,no,NA,no,no,no,NA,no,no,no,NA,no,no,no,NA,yes,yes,no,no,no,no,terrestrial,weekly,camp station,03-Jul-11,16-Jul-11,daily,15-Jun-11,25-Jul-11,daily,NA,NA,NA,NA,NA,NA,16-Jun-11,24-Jul-11,variable,NA,NA,NA,17-Jun-11,22-Jul-11,daily,NA,NA,yes,,,Long-term breeding study by Eanvironment Canada began in 1999 and has continued annually since then. ,
eaba,2012,East Bay,2011,Grant Gilchrist,,Environment Canada,,,Amie Black (not in field),Environment Canada,,intensive,6,06-Jun-12,27-Jun-12,no,no,subsistance hunting,yes,yes,Migratory Bird Sanctuary,no,yes,no,NA,no,no,no,NA,no,no,no,no,no,yes,no,NA,no,no,no,NA,no,no,no,NA,no,no,no,NA,yes,yes,no,other,no,seasonal,yes,3d,"camp station, manual, other",27-Jun-12,12-Jul-12,daily,19-Jun-12,25-Jul-12,daily,10-Jun-12,21-Jul-12,"daily, bi-daily, and weekly",07-Jun-12,15-Jun-12,daily,24-Jun-12,19-Jul-12,3 d,NA,NA,NA,12-Jun-12,27-Jul-12,daily,NA,NA,yes,11-17 Jun 2012,,Long-term breeding study by Eanvironment Canada began in 1999 and has continued annually since then. ,"Weather data were taken from an eider research camp approximately 6 km away. Weather is generally similar at each site, except for fog conditions. "
eaba,2013,East Bay,2001,Paul Smith,Jennie Rausch,Environment Canada - S&T,Environment Canada - CWS,Lisa Pollock,NA,NA - independent contractor,NA,intensive,5,05-Jun-13,25-Jul-13,no,no,"seasonal field camp + seabird camp 7km away (across bay), used by local community (50km away) for hunting in winter.",no,yes,NA,no,no,no,no,no,yes,yes,NA,no,no,no,NA,no,no,no,"Hg-BRI, Moss-Lily Lewis ",no,no,no,NA,no,no,no,NA,no,no,no,no,yes,yes,yes,quadrat,not done,not done,both,3d,not done,23-Jun-13,15-Jul-13,daily,16-Jun-13,19-Jul-13,daily,09-Jun-14,17-Jun-14,daily,NA,NA,NA,NA,NA,NA,15-Jun-14,22-Jul-14,3d,NA,NA,NA,NA,NA,yes,15-Jun-14,,NA,
ikpi,2010,Ikpikpuk ,2010,Joe Liebezeit,Steve Zack,WCS,WCS,Vitek Jirinec,Kevin Pietrzak,WCS,WCS,intensive,7,09-Jun-10,13-Jul-10,no,no,no,no,yes,NA,yes,yes,no,no,yes,yes,yes,"geolocator, avian influenza",no,no,no,no,yes,yes,yes,avian influenza,yes,yes,yes,avian influenza,no,no,no,no,yes,yes,yes,Avian Influenza,yes,yes,yes,yes,winter / live lemming,seasonal,both,3d,camp station,15-Jun-10,05-Jul-10,daily,09-Jun-14,13-Jul-10,bi-daily,09-Jun-10,29-Jun-10,bi-daily,17-Jun-10,07-Jul-10,weekly,13-Jun-10,13-Jul-10,3-d,14-Jun-10,13-Jul-10,3-d,10-Jun-10,13-Jul-10,hourly,12-Jun-10,07-Jul-10,yes,,,established site in 2010,
ikpi,2012,Ikpikpuk,2010,Joe Liebezeit,NA,WCS,NA,Kevin Pietrzak,Laurel Ann 'Boo' Curry,WCS,WCS,intensive,5,03-Jun-12,19-Jul-12,no,no,none,no,yes,pretty much the coolest site in the ASDN study,yes,yes,no,NA,yes,yes,no,NA,no,no,no,NA,yes,yes,no,NA,yes,yes,no,NA,no,no,no,NA,no,no,no,NA,yes,yes,yes,yes,yes,yes,yes,3 day,field camp station,17-Jun-12,03-Jul-12,daily,06-Jun-12,15-Jun-12,daily,06-Jun-12,15-Jun-12,"daily in early season, weekly in late season",06-Jun-12,15-Jun-12,daily,07-Jun-12,13-Jul-12,3 day,07-Jun-12,13-Jul-12,3 day,12-Jun-12,16-Jul-12,daily,09-Jun-12,09-Jun-12,1 day all season,,,3rd season of shorebird research at this site,
ikpi,2013,Ikpikpuk,2010,Martin Robarbs,Joe Liebezeit,Wildlife Conservation Society,Wildlife Conservation Society,Ashley Nicole Cook,NA,Wildlife Conservation Society,NA,intensive,3,04-Jun-13,18-Jul-13,no,no,none,no,yes,,yes,yes,yes,"geolocator, avian malaria, popn. genetics, methyl mercury, gut microbiota, bryophyta spores",yes,yes,yes,"geolocator, avian malaria, popn. genetics, methyl mercury, gut microbiota, bryophyta spores",no,no,no,NA,yes,yes,yes,"popn. genetics, methyl mercury, gut microbiota, avian malaria, bryophyta spores ",yes,yes,yes,"popn. genetics, methyl mercury, gut microbiota, avian malaria, bryophyta spores ",no,no,no,NA,no,yes,no,NA,yes,yes,no,yes,yes,yes,no,NA,"camp weatherstation, manual recording of precipitation",14-Jun-13,06-Jul-13,daily,12-Jun-13,15-Jul-13,Bi-daily,07-Jun-13,16-Jul-13,bi-weekly,08-Jun-13,13-Jul-13,daily,NA,NA,NA,NA,NA,NA,05-Jun-13,15-Jul-13,daily,07-Jun-13,08-Jun-13,yes,,,site has been monitored during summer breeding seasons since 2010,
lkri,2012,"Taimyr, Russia",2012,Mikhail Soloviev,Viktor Golovnyuk,Lomonosov Moscow State University,State Nature Reserve \Taimyrsky\,Mikhail Soloviev,NA,Lomonosov Moscow State University,NA,intensive,4,17-Jun-12,18-Jul-12,yes,no,"caribou and waterfowl hunting and occasional fishing on lakes, mostly in June (of the bird breeding season)",no,yes,"10 km to a settlement, hence almost no breeging geese in the area",no,no,no,no,no,yes,no,no,no,no,no,no,no,yes,no,no,no,yes,no,no,no,no,no,no,no,yes,yes,camera predator identification,no,yes,yes,no,winter / live,other,no,NA,manual ,NA,NA,NA,19-Jun-12,18-Jul-12,other,NA,NA,NA,20-Jun-12,15-Jul-12,bi-daily,NA,NA,NA,NA,NA,NA,20-Jun-12,17-Jul-12,daily,18-Jun-12,17-Jul-12,no,,,Wader monitoring project carried out at the site in 1994-2003 and in 2008-present by same PI's.,No banding was conducted. MODIS data are available fo snow-cover evaluation
lkri,2013,"Taimyr, Russia",2012,Mikhail Soloviev,Viktor Golovnyuk,Lomonosov Moscow State University,State Nature Reserve \Taimyrsky\,Mikhail Soloviev,NA,Lomonosov Moscow State University,NA,intensive,4,20-Jun-13,24-Jul-13,yes,no,"caribou and waterfowl hunting and occasional fishing on lakes, mostly in June (of the bird breeding season)",no,yes,"10 km to a settlement, hence almost no breeging geese in the area",no,no,no,no,no,yes,no,no,no,no,no,no,no,yes,no,no,no,yes,no,no,no,no,no,no,no,yes,yes,camera predator identification,no,yes,yes,no,winter / live,other,no,NA,camp station,NA,NA,NA,20-Jun-13,24-Jul-13,other,NA,NA,NA,22-Jun-13,22-Jul-13,bi-daily,NA,NA,NA,NA,NA,NA,21-Jun-13,23-Jul-13,other (30 minutes),22-Jun-13,22-Jun-13,no,02-Jun-13,16-Jun-13,Wader monitoring project was carried out at the site in 1994-2003 and in 2008-present by same PI's.,Banding was limited to opportunistic banding of chicks. MODIS data were used for snow-cover evaluation. Predator counts were based on measures of their activity levels on plots
made,2010,Mackenzie Delta,2010,Jennie Rausch,Lisa Pirie,CWS,CWS,Lisa Pirie,NA,CWS,NA,intensive,3 to 5,09-Jun-10,07-Jul-10,no,yes,"old communications tower located near camp, site of proposed Mackenzie Gas Project activities to extract natural gas",no,yes,NA,yes,yes,no,NA,no,no,NA,no,no,no,no,NA,no,no,no,NA,yes,yes,no,NA,yes,yes,no,NA,yes,yes,no,no,yes,yes,yes,not done,not done,weekly,both,3d,camp station/manual ,11-Jun-10,02-Jul-10,daily,09-Jun-10,06-Jul-10,daily,NA,NA,NA,14-Jun-10,30-Jun-10,weekly,12-Jun-10,07-Jul-10,3d,12-Jun-10,07-Jul-10,3d,09-Jun-10,07-Jul-10,twice daily,NA,NA,no,,,previous shorebird breeding surveys conducted by the Canadian Wildlife Service since 2005.  Earlier surveys conducted in the 80s and 90s by others.,
made,2011,Mackenzie Delta,2010,Jennie Rausch,Lisa Pirie,CWS,CWS,Lisa Pirie,NA,CWS,NA,intensive,4 to 6,04-Jun-11,12-Jul-11,no,yes,"old communications tower located near camp, site of proposed Mackenzie Gas Project activities to extract natural gas",no,yes,NA,yes,yes,no,no,no,no,no,no,no,no,no,no,no,no,no,NA,yes,yes,no,no,yes,yes,no,no,yes,yes,no,no,yes,yes,yes,not done,live lemming,weekly,both,3d,camp station/manual ,13-Jun-11,08-Jul-11,daily,04-Jun-11,11-Jul-11,daily,NA,NA,NA,07-Jun-11,07-Jul-11,weekly,05-Jun-11,11-Jul-11,3d,08-Jun-11,11-Jul-11,3d,07-Jun-11,11-Jul-11,hourly,04-Jun-11,11-Jul-11,no,,,previous shorebird breeding surveys conducted by the Canadian Wildlife Service since 2005.  Earlier surveys conducted in the 80s and 90s by others.,
made,2012,Mackenzie Delta,2004,Jennie Rausch,Lisa Pirie,CWS,CWS,Lisa Pirie,Fletcher Smith,CWS,CWM,intensive,5,03-Jun-12,10-Jun-12,no,yes,natural gas exploration,no,yes,includes the Kendall Island Migratory Bird Sanctuary; part of proposed location for Mackenzie Gas Project (natural gas pipeline),yes,yes,yes,"methyl mercury,Avian Malaria, ASDN genetic and stable isotope archive, Gut microbiota, SESA migratory connectivity",no,no,no,NA,no,no,no,NA,no,no,no,NA,yes,yes,yes,"methyl mercury, avian malaria, asdn genetic and stable isotope archive, gut microbiota",yes,yes,yes,"4 satellite transmitters &amp; 1 geolocator, ASDN genetic and stable isotope archive",yes,yes,yes,"methyl mercury, avian malaria, asdn genetic and stable isotope archive, gut microbiota",yes,yes,yes,not done,not done,weekly,both,3d,camp station,11-Jun-12,08-Jul-12,daily,04-Jun-12,08-Jul-12,daily,NA,NA,NA,09-Jun-12,03-Jul-12,weekly,10-Jun-12,07-Jul-12,3d,10-Jun-12,07-Jul-12,3d,05-Jun-12,09-Jul-12,hourly,NA,NA,no,,02-Jun-12,"8 years of Arctic PRISM work (2004-present) by Jennie Rausch, CWS; 3 years shorebird and habitat work (1991-1993) by Cheri Gratto-Trevor, CWS (now S&amp;T); 1 year of shorebird habitat work (1985) by H. Loney Dickson, CWS (now retired).","For minimum nest, I entered yes because we tried to find the minumum number of nests but we were not successful. We also attempted to capture and band PESA's but were unsuccessful, in the section:  PESA_band, I have entered \yes\ to convey this.  I also recorded them as being part of the methyl mercury, avian malaria, asdn genetic and stable isotope archive, and gut microbiota side project, even though we did not procure any samples from this species."
made,2013,Mackenzie Delta,2004,Jennie Rausch,Kristina Beckmann,CWS,CWS,Kristina Beckmann,Fletcher Smith,CWS,CWM,intensive,5,06-Jun-13,12-Jul-13,no,yes,natural gas exploration,no,yes,includes the Kendall Island Migratory Bird Sanctuary; part of proposed location for Mackenzie Gas Project (natural gas pipeline),yes,yes,yes,"geolocator, methyl mercury, avian malaria, gut microbia",no,no,no,NA,no,no,no,NA,no,no,no,NA,yes,yes,yes,"methyl mercury, avian malaria, gut microbia",yes,yes,yes,satellite transmitters,yes,yes,yes,"methyl mercury, avian malaria, gut microbia",yes,yes,yes,no,live lemming,weekly,not done,not done,"camp station, manual",15-Jun-13,08-Jul-13,daily,09-Jun-13,08-Jul-13,daily,NA,NA,NA,09-Jun-13,08-Jul-13,weekly,NA,NA,NA,NA,NA,NA,08-Jun-13,11-Jul-13,hourly,NA,NA,yes,06-Jun-13,06-Jun-13,"9 years of Arctic PRISM work (2004-present) by Jennie Rausch, CWS; 3 years shorebird and habitat work (1991-1993) by Cheri Gratto-Trevor, CWS (now S&T); 1 year of shorebird habitat work (1985) by H. Loney Dickson, CWS (now retired).","water was super high, upon arrival on June 6, once ice moved down, water receded quickly"
nome,2010,Nome,2010,David Lank,Brett Sandercock,Simon Fraser University,Kansas State University,Birgit Schwarz,Samantha Franks,Simon Fraser University,Simon Fraser University,minimum,5,11-May-10,14-Jul-10,yes,yes,extensive quarry activity on Cape Nome < 1 mile from study site; site bounded by well-travelled road to the south,no,yes,several summer cabins in immediate vicinity of study site,yes,yes,no,NA,no,no,no,NA,yes,yes,yes,"SFU, stable isotope, genetics, acoustics",no,no,no,NA,yes,yes,no,NA,no,no,no,NA,no,no,no,NA,yes,no,yes,no,no,yes,yes,3d,camp station,30-May-10,30-Jun-10,daily,23-May-10,14-Jul-10,daily,NA,NA,NA,02-Jun-10,02-Jun-10,infrequent,04-Jun-10,10-Jul-10,3d,04-Jun-10,10-Jul-10,3d,16-May-10,12-Jul-10,hourly,NA,NA,yes,,,"Previous shorebird (WESA, SESA, RNPH) breeding biology studies conducted by Brett Sandercock and others from 1993-1999. Expeditions to collect feather and blood samples for stable isotope and genetic studies conducted by SFU from 2008-2009.",
nome,2011,Nome,2010,Brett K. Sandercock,David B. Lank,Kansas State University,Simon Fraser University,Eunbi Kwon,Willow English,Kansas State University,Simon Fraser University,intensive,5,17-May-11,23-Jul-11,yes,no,"scattered cabins used by natives and hunters around study site, no major human activity near study plot",no,yes,shared breeding site for WESA and SESA,yes,yes,no,NA,no,no,no,NA,yes,yes,no,NA,no,no,no,NA,yes,yes,yes,incubation dynamics_SFU,no,no,no,NA,no,no,no,NA,yes,yes,no,100-m quadrat,trapping,daily,both,3d,camp station,19-May-11,20-Jul-11,daily,20-May-11,07-Jul-11,daily,20-May-11,20-Jul-11,other,18-May-11,08-Jul-11,daily,22-May-11,21-Jul-11,3d,28-May-11,21-Jul-11,3d,16-May-11,21-Jul-11,hourly,24-May-11,29-May-11,yes,20-May-11,,"previous shorebird breeding surveys conducted by Brett Sandercock(KSU) in 1993-1996, by David Lank(SFU) in 1997-1999 and 2008-2009. ASDN protocol was applied from 2010. ",
nome,2012,Nome,2010,Brett K. Sandercock,David B. Lank,Kansas State University,Simon Fraser University,Eunbi Kwon,Willow English,Kansas State University,Simon Fraser University,intensive,5,17-May-12,23-Jul-12,yes,no,"scattered cabins used by natives and hunters around study site, no major human activity near study plot",no,yes,"shared breeding site for WESA, SESA and RNPH",yes,yes,no,NA,no,no,no,NA,yes,yes,yes,carry-over effects_SFU,no,no,no,NA,yes,yes,yes,incubation dynamics_SFU,no,no,no,NA,no,no,no,NA,yes,yes,no,100-m quadrat,trapping,daily,both,3d,camp station,20-May-12,22-Jul-12,daily,28-May-12,15-Jul-12,daily,17-May-12,13-Jul-12,other,15-May-12,13-Jul-12,daily,23-May-12,19-Jul-12,3d,29-May-12,19-Jul-12,3d,20-May-12,21-Jul-12,hourly,23-May-12,19-Jul-12,yes,21-May-12,,"previous shorebird breeding surveys conducted by Brett Sandercock(KSU) in 1993-1996, by David Lank(SFU) in 1997-1999 and 2008-2009. ASDN protocol was applied from 2010. ",
nome,2013,Nome,2010,Brett K. Sandercock,David B. Lank,Kansas State University,Simon Fraser University,Eunbi Kwon,Willow English,Kansas State University,Simon Fraser University,intensive,5,26-May-13,14-Jul-13,yes,no,"scattered cabins used by natives and hunters around study site, no major human activity near study plot",no,yes,"shared breeding site for WESA, SESA and RNPH",yes,yes,no,NA,no,no,no,NA,yes,yes,yes,carry-over effects_SFU,no,no,no,NA,yes,yes,yes,incubation dynamics_SFU,no,no,no,NA,no,no,no,NA,yes,yes,no,100-m quadrat,trapping,daily,terrestrial,3d,camp station,28-May-13,07-Jul-13,daily,31-May-13,15-Jul-13,daily,21-May-13,02-Jul-13,other,13-May-13,09-Jul-13,daily,29-May-13,13-Jul-13,3d,NA,NA,NA,26-May-13,13-Jul-13,hourly,05-Jun-13,07-Jul-13,yes,26-May-13,,"previous shorebird breeding surveys conducted by Brett Sandercock(KSU) in 1993-1996, by David Lank(SFU) in 1997-1999 and 2008-2009. ASDN protocol was applied from 2010. ",
prba,2010,Prudhoe Bay,2010,Joe Liebezeit,Steve Zack,WCS,WCS,Leslie Yen,Zoe Lebrun-Southcott,WCS,WCS,intensive,5,04-Jun-10,18-Jul-10,yes,yes,in the heart of the Prudhoe Bay Oilfield,yes,no,study area within oilfield,yes,yes,yes,avian influenza,yes,yes,yes,avian influenza,no,no,no,no,yes,yes,yes,avian influenza,yes,yes,yes,avian influenza,no,no,no,no,yes,yes,yes,Avian Influenza,yes,yes,yes,,winter / live lemming,seasonal,both,3d,permanent station,07-Jun-10,12-Jul-10,daily,08-Jun-10,18-Jul-10,bi-daily,04-Jun-10,19-Jun-10,bi-daily,17-Jun-10,14-Jul-10,weekly,09-Jun-10,11-Jul-10,3-d,09-Jun-10,11-Jul-10,3-d,whichever date you want to download to,whichever date you want to download from,daily?,08-Jun-10,11-Jul-10,yes,,,established site in 2003,
prba,2011,Prudhoe Bay,2010,Steve Zack,Joe Liebezeit,WCS,WCS,Elizabeth Ames,NA,WCS,NA,minimum,2.5,03-Jun-11,18-Jul-11,yes,yes,in the heart of the Prudhoe Bay Oilfield,yes,no,study area within oilfield,no,yes,no,NA,no,yes,no,NA,no,no,NA,no,no,yes,no,NA,no,yes,no,NA,no,no,no,NA,no,yes,NA,NA,yes,no,yes,50m-quadrat,winter and live,daily,no,NA,permanent station,NA,NA,NA,03-Jun-11,18-Jul-11,other ,03-Jun-11,16-Jul-11,weekly,04-Jun-11,16-Jul-11,daily,NA,NA,NA,NA,NA,NA,whichever date you want to download to,whichever date you want to download from,hourly,04-Jun-11,16-Jul-11,yes,,,"Second year of this site as part of the ASDN, ninth year as part of long-term nest monitoring project.  ","We did not have the funding (thus personnel) this season to do the intensive ASDN work (i.e. trap/band birds, nest finding and monitoring on ASDN plots, insect trapping, intensive resighting, etc.).  The crew focused on our on-going long-term nest monitoring and predator identification projects.  We collected ASDN data as we could within the framework of these other projects."
prba,2012,Prudhoe Bay,2003,Joe Liebezeit,NA,WCS,NA,Catherine Pham,NA,WCS,NA,intensive,3,02-Jun-12,21-Jul-12,yes,yes,BP oilfield,no,yes,NA,no,yes,no,NA,no,yes,no,NA,no,no,no,NA,no,yes,no,NA,no,yes,no,NA,no,no,no,NA,no,yes,no,NA,no,yes,no,no,yes,yes,no,NA,none,none,none,none,02-Jun-12,21-Jul-12,daily,02-Jun-12,15-Jul-12,"daily in early season, weekly in late season",02-Jun-12,21-Jul-12,daily,NA,NA,NA,NA,NA,NA,NA,NA,NA,08-Jun-12,21-Jul-12,yes,,,"yes, 2010 was banding. Long-term monitoring research since 2003",
prba,2013,Prudhoe Bay,2003,Rebecca Bentzen,Martin Robards,WCS,WCS,Bryce Robinson,NA,WCS,NA,intensive,2,03-Jun-13,22-Jul-13,yes,yes,BP oilfield,no,yes,NA,no,yes,no,NA,no,yes,no,NA,no,no,no,NA,no,yes,no,NA,no,yes,no,NA,no,no,no,NA,no,yes,no,NA,no,yes,no,no,no,yes,no,NA,none,none,none,none,03-Jun-12,21-Jul-12,daily,04-Jun-12,15-Jul-12,"daily in early season, weekly in late season",02-Jun-12,18-Jul-12,daily,NA,NA,NA,NA,NA,NA,NA,NA,NA,NA,NA,yes,,,"yes, 2010 was banding. Long-term monitoring research since 2003",
barr,2014,Barrow,2003 - 2009 old study; ASDN began in 2010,Richard Lanctot,Sarah Saalfeld,USFWS,USFWS/Manomet,Jenny Cunningham,Kirsten Grond,University of Missouri Colombia,Kansas State University,intensive,16,15-May-14,10-Aug-14,yes,yes,"subsistence hunters, gas, airport, large village, road system",yes,no,"six plots are in the Barrow Environmental Observatory, which is protected for scientific research",yes,yes,yes,blood and feathers for ASDN archive; blood for malaria; fecal sample; geolocators retrieved,yes,yes,yes,paternity; blood and feathers for ASDN archive; blood for malaria; fecal sample; brood growth rates,yes,yes,yes,blood and feathers for ASDN archive; blood for malaria; fecal sample,yes,yes,yes,blood and feathers for ASDN archive; blood for malaria; fecal sample; brood growth rates,yes,yes,yes,blood and feathers for ASDN archive; blood for malaria; fecal sample,no,no,no,NA,yes,yes,yes,blood and feathers for ASDN archive; blood for malaria; fecal sample,yes,yes,no,50-m quadrat,winter,weekly,both,3d,permanent station,04-Jun-14,19-Jul-14,daily,09-Jun-14,28-Jul-14,daily,31-May-14,05-Aug-14,"bi-daily until 11 June, then weekly",05-Jun-14,05-Aug-14,weekly,09-Jun-14,06-Aug-14,3d,12-Jun-14,06-Aug-14,3d,NA,NA,NA,NA,NA,yes,11-Jun-14,NA,Intensive nest monitoring ongoing since 2003.,lemmings recorded during daily bird/mammal list
burn,2014,Burntpoint Creek,2012,Rod Brook,NA,Ontario Ministry of Natural Resources,NA,Lisa Pollock,Kim Bennett,Ontario Ministry of Natural Resources,Ontario Ministry of Natural Resources,minimum,8,10-Jun-14,30-Jun-14,no,no,"subsistence caribou hunting grounds, Canada Goose study area since 2001",no,yes,Within Polar Bear Provincial Park.  Coastal tundra grading to taiga,no,no,no,no,yes,yes,yes,avian malaria,no,no,no,NA,no,no,no,NA,no,yes,no,NA,yes,yes,yes,avian malaria,no,no,no,NA,yes,yes,yes,no,no,weekly,terrestrial,2d,permanent station,21-Jun-14,26-Jun-14,daily,11-Jun-14,28-Jun-14,weekly,NA,NA,NA,12-Jun-14,26-Jun-14,weekly,11-Jun-14,28-Jun-14,2d,NA,NA,NA,01-May-14,30-Jun-14,hourly,NA,NA,no,unknown,unknown,"previous Canada Goose breeding surveys conducted by Ministry of Natural resources (Abraham) since 2001;daily bird checklist for site during Canada goose nesting surveys, periodic small mammal trapping, breeding bird surveys, periodic insect surveys",NA
bylo,2005,"Bylot Island, Nunavut",2005,Joël Bêty,Laura McKinnon,UQAR,UQAR,Laura McKinnon,NA,UQAR,NA,minimum,2,01-Jun-05,15-Aug-05,no,no,NA,yes,yes,National Parc (Sirmilik),no,no,no,NA,no,no,no,NA,no,no,no,NA,no,yes,no,NA,no,no,no,NA,no,no,no,NA,no,yes,no,NA,yes,yes,yes,wide estimation of snow cover in the main valley,winter / live lemming / Trapping / snap trapping,2d,terrestrial,2d,permanent station,18-Jun-05,09-Jul-05,daily / opportunistically,05-Jun-05,19-Jul-05,daily,meta,meta,3d,01-Jun-05,20-Aug-05,bi-daily,19-Jun-05,22-Jul-05,2d,NA,NA,NA,meta,meta,meta,meta,meta,meta,meta,meta,"Drury (1954), KEMPF (1976), Ecological studies on Bylot Island started in 1988 as a joint collaboration between Université Laval (Centre d’études nordiques) and the Canadian Wildlife Service (Québec region), see--> http://www.cen.ulaval.ca/bylot/intro.htm","Approximate number of people devoted to shorebird monitoring, many more people involved in the area and contributing via metadata (lemming, predators, weather, daily species, help on finding shorebird nests, …)."
bylo,2006,"Bylot Island, Nunavut",2005,Joël Bêty,Laura McKinnon,UQAR,UQAR,Laura McKinnon,Élise bolduc,UQAR,UQAR,minimum,2,01-Jun-06,15-Aug-06,no,no,NA,yes,yes,National Parc (Sirmilik),no,no,no,NA,no,no,no,NA,no,no,no,NA,no,yes,no,NA,no,no,no,NA,no,no,no,NA,no,yes,no,NA,yes,yes,yes,wide estimation of snow cover in the main valley,winter / live lemming / Trapping / snap trapping,2d,terrestrial,2d,permanent station,09-Jun-06,12-Jul-06,daily / opportunistically,05-Jun-06,16-Jul-06,daily,meta,meta,3d,01-Jun-06,20-Aug-06,bi-daily,12-Jun-06,01-Aug-06,2d,NA,NA,NA,meta,meta,meta,meta,meta,meta,meta,meta,"Drury (1954), KEMPF (1976), Ecological studies on Bylot Island started in 1988 as a joint collaboration between Université Laval (Centre d’études nordiques) and the Canadian Wildlife Service (Québec region), see--> http://www.cen.ulaval.ca/bylot/intro.htm","Approximate number of people devoted to shorebird monitoring, many more people involved in the area and contributing via metadata (lemming, predators, weather, daily species, help on finding shorebird nests, …)."
bylo,2007,"Bylot Island, Nunavut",2005,Joël Bêty,Laura McKinnon,UQAR,UQAR,Laura McKinnon,Élise bolduc,UQAR,UQAR,minimum,2,01-Jun-07,15-Aug-07,no,no,NA,yes,yes,National Parc (Sirmilik),no,no,no,NA,no,no,no,NA,no,no,no,NA,no,yes,no,NA,no,no,no,NA,no,no,no,NA,no,yes,no,NA,yes,yes,yes,wide estimation of snow cover in the main valley,winter / live lemming / Trapping / snap trapping,2d,terrestrial,2d,permanent station,25-Jun-07,11-Jul-07,daily / opportunistically,05-Jun-07,19-Jul-07,daily,meta,meta,3d,01-Jun-07,20-Aug-07,bi-daily,11-Jun-07,18-Aug-07,2d,NA,NA,NA,meta,meta,meta,meta,meta,meta,meta,meta,"Drury (1954), KEMPF (1976), Ecological studies on Bylot Island started in 1988 as a joint collaboration between Université Laval (Centre d’études nordiques) and the Canadian Wildlife Service (Québec region), see--> http://www.cen.ulaval.ca/bylot/intro.htm","Approximate number of people devoted to shorebird monitoring, many more people involved in the area and contributing via metadata (lemming, predators, weather, daily species, help on finding shorebird nests, …)."
bylo,2008,"Bylot Island, Nunavut",2005,Joël Bêty,Laura McKinnon,UQAR,UQAR,Laura McKinnon,Élise bolduc,UQAR,UQAR,minimum,3,01-Jun-08,15-Aug-08,no,no,NA,yes,yes,National Parc (Sirmilik),no,no,no,NA,no,no,no,NA,no,no,no,NA,no,yes,no,NA,no,no,no,NA,no,no,no,NA,no,no,no,NA,yes,yes,yes,wide estimation of snow cover in the main valley,winter / live lemming / Trapping / snap trapping,2d,terrestrial,2d,permanent station,25-Jun-08,01-Jul-08,daily / opportunistically,05-Jun-08,25-Jul-08,daily,meta,meta,3d,01-Jun-08,20-Aug-08,bi-daily,13-Jun-08,20-Aug-08,2d,NA,NA,NA,meta,meta,meta,meta,meta,meta,meta,meta,"Drury (1954), KEMPF (1976), Ecological studies on Bylot Island started in 1988 as a joint collaboration between Université Laval (Centre d’études nordiques) and the Canadian Wildlife Service (Québec region), see--> http://www.cen.ulaval.ca/bylot/intro.htm","Approximate number of people devoted to shorebird monitoring, many more people involved in the area and contributing via metadata (lemming, predators, weather, daily species, help on finding shorebird nests, …)."
bylo,2009,"Bylot Island, Nunavut",2005,Joël Bêty,Laura McKinnon,UQAR,UQAR,Laura McKinnon,NA,UQAR,NA,minimum,3,01-Jun-09,15-Aug-09,no,no,NA,yes,yes,National Parc (Sirmilik),no,no,no,NA,no,no,no,NA,no,no,no,NA,no,no,no,NA,no,no,no,NA,no,no,no,NA,no,yes,no,NA,yes,yes,yes,wide estimation of snow cover in the main valley,winter / live lemming / Trapping / snap trapping,2d,terrestrial,2d,permanent station,20-Jun-09,18-Jul-09,daily / opportunistically,05-Jun-09,27-Jul-09,daily,meta,meta,3d,01-Jun-09,20-Aug-09,bi-daily,10-Jun-09,19-Aug-09,2d,NA,NA,NA,meta,meta,meta,meta,meta,meta,meta,meta,"Drury (1954), KEMPF (1976), Ecological studies on Bylot Island started in 1988 as a joint collaboration between Université Laval (Centre d’études nordiques) and the Canadian Wildlife Service (Québec region), see--> http://www.cen.ulaval.ca/bylot/intro.htm","Approximate number of people devoted to shorebird monitoring, many more people involved in the area and contributing via metadata (lemming, predators, weather, daily species, help on finding shorebird nests, …)."
bylo,2010,"Bylot Island, Nunavut",2005,Joël Bêty,Jean-François Lamarre,UQAR,UQAR,Jean-François Lamarre,NA,UQAR,NA,minimum,5,01-Jun-10,15-Aug-10,no,no,NA,yes,yes,National Parc (Sirmilik),no,no,no,NA,no,no,no,NA,no,no,no,NA,no,yes,no,NA,no,no,no,NA,no,no,no,NA,no,yes,no,NA,yes,yes,yes,wide estimation of snow cover in the main valley,winter / live lemming / Trapping / snap trapping,2d,terrestrial,2d,permanent station,14-Jun-10,18-Jul-10,daily / opportunistically,05-Jun-10,26-Jul-10,daily,meta,meta,3d,01-Jun-10,20-Aug-10,bi-daily,18-Jun-10,15-Aug-10,2d,NA,NA,NA,meta,meta,meta,meta,meta,meta,meta,meta,"Drury (1954), KEMPF (1976), Ecological studies on Bylot Island started in 1988 as a joint collaboration between Université Laval (Centre d’études nordiques) and the Canadian Wildlife Service (Québec region), see--> http://www.cen.ulaval.ca/bylot/intro.htm","Approximate number of people devoted to shorebird monitoring, many more people involved in the area and contributing via metadata (lemming, predators, weather, daily species, help on finding shorebird nests, …)."
bylo,2011,"Bylot Island, Nunavut",2005,Joël Bêty,Jean-François Lamarre,UQAR,UQAR,Jean-François Lamarre,NA,UQAR,NA,minimum,5,01-Jun-11,15-Aug-11,no,no,NA,yes,yes,National Parc (Sirmilik),no,no,no,NA,no,no,no,NA,no,no,no,NA,no,yes,no,NA,no,no,no,NA,no,no,no,NA,no,yes,no,NA,yes,yes,yes,wide estimation of snow cover in the main valley,winter / live lemming / Trapping / snap trapping,2d,both,2d,permanent station,23-Jun-11,27-Jul-11,daily / opportunistically,05-Jun-11,04-Aug-11,daily,meta,meta,3d,01-Jun-11,20-Aug-11,bi-daily,12-Jun-11,17-Aug-11,2d,"Tuesday, June 14, 2011","Monday, August 01, 2011",2d,meta,meta,meta,meta,meta,meta,meta,meta,"Drury (1954), KEMPF (1976), Ecological studies on Bylot Island started in 1988 as a joint collaboration between Université Laval (Centre d’études nordiques) and the Canadian Wildlife Service (Québec region), see--> http://www.cen.ulaval.ca/bylot/intro.htm","Approximate number of people devoted to shorebird monitoring, many more people involved in the area and contributing via metadata (lemming, predators, weather, daily species, help on finding shorebird nests, …)."
bylo,2012,"Bylot Island, Nunavut",2005,Joël Bêty,Jean-François Lamarre,UQAR,UQAR,Jean-François Lamarre,NA,UQAR,NA,minimum,5,01-Jun-12,15-Aug-12,no,no,NA,yes,yes,National Parc (Sirmilik),no,no,no,NA,no,no,no,NA,no,no,no,NA,no,no,no,NA,no,no,no,NA,no,no,no,NA,no,no,no,NA,yes,yes,yes,wide estimation of snow cover in the main valley,winter / live lemming / Trapping / snap trapping,2d,both,2d,permanent station,05-Jul-12,16-Jul-12,daily / opportunistically,05-Jun-12,18-Jul-12,daily,meta,meta,3d,01-Jun-12,20-Aug-12,bi-daily,15-Jun-12,17-Aug-12,2d,"Saturday, June 23, 2012","Tuesday, July 31, 2012",2d,meta,meta,meta,meta,meta,meta,meta,meta,"Drury (1954), KEMPF (1976), Ecological studies on Bylot Island started in 1988 as a joint collaboration between Université Laval (Centre d’études nordiques) and the Canadian Wildlife Service (Québec region), see--> http://www.cen.ulaval.ca/bylot/intro.htm","Approximate number of people devoted to shorebird monitoring, many more people involved in the area and contributing via metadata (lemming, predators, weather, daily species, help on finding shorebird nests, …)."
bylo,2013,"Bylot Island, Nunavut",2005,Joël Bêty,Jean-François Lamarre,UQAR,UQAR,Jean-François Lamarre,NA,UQAR,NA,minimum,7,07-Jun-13,21-Aug-13,no,no,Nearby village is at over 80 km from main study area. Bylot Island is a National park lightly visited by hikers. Other researchers  in the area and are doing the main human activity. Inuit do harvest on the island buut this is mostly happening early in the summer.,yes,yes,National Parc (Sirmilik),no,no,no,NA,no,no,no,NA,no,no,no,NA,no,yes,no,NA,no,no,no,NA,no,no,no,NA,yes,yes,yes,"multiples samples for side projects (feces, blood (avian influenza,genetic, methyl-mercury) )",yes,yes,yes,wide estimation of snow cover in the main valley,winter / live lemming / Trapping / snap trapping,2d,terrestrial,2d,permanent station,23-Jun-13,13-Jul-13,daily / opportunistically,12-Jun-13,29-Jul-12,daily,meta,meta,3d,01-Jun-13,20-Aug-13,bi-daily,17-Jun-13,17-Aug-13,2d,NA,NA,NA,meta,meta,meta,meta,meta,meta,meta,meta,"Drury (1954), KEMPF (1976), Ecological studies on Bylot Island started in 1988 as a joint collaboration between Université Laval (Centre d’études nordiques) and the Canadian Wildlife Service (Québec region), see--> http://www.cen.ulaval.ca/bylot/intro.htm","Approximate number of people devoted to shorebird monitoring, many more people involved in the area and contributing via metadata (lemming, predators, weather, daily species, help on finding shorebird nests, …)."
bylo,2014,"Bylot Island, Nunavut",2005,Joël Bêty,Jean-François Lamarre,UQAR,UQAR,Jean-François Lamarre,NA,UQAR,NA,minimum,6,07-Jun-13,21-Aug-13,no,no,Nearby village is at over 80 km from main study area. Bylot Island is a National park lightly visited by hikers. Other researchers  in the area and are doing the main human activity. Inuit do harvest on the island buut this is mostly happening early in the summer.,yes,yes,National Parc (Sirmilik),no,no,no,NA,no,no,no,NA,no,no,no,NA,no,yes,no,NA,no,no,no,NA,no,no,no,NA,no,yes,no,NA,yes,yes,yes,wide estimation of snow cover in the main valley,winter / live lemming / Trapping / snap trapping,2d,terrestrial,2d,permanent station,17-Jun-13,17-Jul-13,daily / opportunistically,13-Jun-14,27-Jul-12,daily,meta,meta,3d,01-Jun-14,20-Aug-14,bi-daily,15-Jun-14,10-Aug-14,2d,NA,NA,NA,meta,meta,meta,meta,meta,meta,meta,meta,"Drury (1954), KEMPF (1976), Ecological studies on Bylot Island started in 1988 as a joint collaboration between Université Laval (Centre d’études nordiques) and the Canadian Wildlife Service (Québec region), see--> http://www.cen.ulaval.ca/bylot/intro.htm","Approximate number of people devoted to shorebird monitoring, many more people involved in the area and contributing via metadata (lemming, predators, weather, daily species, help on finding shorebird nests, …)."
cakr,2014,Cape Krusenstern,2013,Richard Lanctot,Megan Boldenow,USFWS,University of Alaska Fairbanks,Megan Boldenow,NA,USFWS,NA,intensive,4,21-May-14,07-Jul-14,yes,yes,"lead mining in watershed, offshore oil exploration underway in 2013, subsistence activities in immediate vicinity",no,yes,important archeology site,yes,yes,yes,geolocator,yes,yes,yes,avian malaria,yes,yes,yes,avian malaria,yes,yes,yes,avian malaria,yes,yes,yes,avian malaria,no,no,no,no,no,no,no,no,yes,yes,no,yes,no,bi-daily,no,NA,manual,05-Jun-14,30-Jun-14,daily,23-May-14,07-Jul-14,daily,23-May-14,05-Jul-14,weekly,23-May-14,05-Jul-14,bi-daily,NA,NA,NA,NA,NA,NA,NA,NA,NA,NA,NA,NA,unknown,unknown,"ASDN camp since 2010. Pilot site in 2010, full camp for 2011-2014. Different 2nd PI (H. River Gates) for 2010-2012.",NA
cakr,2013,Cape Krusenstern,2010,Richard Lanctot,River Gates,USFWS,USFWS,River Gates,NA,USFWS,NA,minimum,2,10-Jun-13,29-Jun-13,yes,yes,"lead mining in watershed, offshore oil exploration in future years planned, stalled due to BP oil spill",no,yes,important archeology site,yes,yes,yes,NA,yes,yes,yes,geolocator,yes,yes,yes,SFU,no,no,no,NA,yes,yes,yes,SFU,no,no,no,,no,no,no,no,yes,no,yes,no,no,no,no,NA,"other, daily weather summary ",15-Jun-10,28-Jun-10,daily,10-Jun-10,29-Jun-10,4,NA,NA,NA,NA,NA,NA,NA,NA,NA,NA,NA,NA,NA,NA,NA,NA,NA,NA,unknown,unknown,,NA
cari,2014,Canning River Delta,2010,dave payer,stephen brown,usfws,manomet center for conservation sciences,scott freeman,NA,usfws,NA,intensive,5,03-Jun-14,21-Jul-14,no,no,none,no,yes,none,yes,yes,yes,"avian malaria - university of florida, geolocator - mount allison university, fecal - kansas state university",yes,yes,yes,"avian malaria - university of florida, fecal - kansas state university",no,no,no,NA,yes,yes,yes,avian malaria - university of florida,yes,yes,yes,avian malaria - university of florida,no,no,no,NA,yes,yes,yes,avian malaria - university of florida,yes,yes,no,50-m quadrat,winter,weekly,not done,not done,camp station,08-Jun-13,05-Jul-14,daily,03-Jun-13,21-Jul-13,daily,03-Jun-13,13-Jul-13,other,03-Jun-14,19-Jul-14,daily,NA,NA,NA,NA,NA,NA,04-Jun-14,19-Jun-14,hourly,03-Jun-13,20-Jul-13,yes,06-Jun-14,NA,previous shorebird breeding surveys conducted in 2003-2007. raw historic data available,snow interval ranged from 3d early in the season to 9d at the end
chau,2014,Chaun River Delta,2013,Martin Robards,Rebecca Bentzen,WCS,WCS,John Deiner,NA,WCS (seasonal contract),NA,minimum,4,11-Jun-14,07-Jul-14,yes,no,"Rytkuchi is ~15km away, subsistence ice fishing in the rivers, fur trapping (fox, weasel, etc) has (is?) occuring in the area.",no,yes,"old research station from soviet times circa 1970s. Buildings, power from portable generator",no,no,no,no,yes,yes,no,NA,no,no,no,no,no,yes,no,no,yes,yes,no,no,no,no,no,no,yes,yes,no,no,yes,yes,no,no,no,yes,no,NA,"permanent station, in Rytkuchi",14-Jun-10,07-Jul-14,bi-daily/weekly,11-Jun-14,07-Jul-14,5,NA,NA,NA,06-Jun-14,06-Jul-14,daily,NA,NA,NA,NA,NA,NA,NA,NA,NA,NA,NA,yes,unknown,06-Jun-14,reserrection of Soviet era research station. bird research dates back to the 1970s. current waterfowl research dates back 10 years.,NA
chur,2014,Churchill,2010,Erica Nol,Laura McKinnon,Trent University,NA,Laura Koloski,Laura McKinnon,Trent University,NA,minimum,10,29-May-14,NA,yes,yes,Town of Churchill development,yes,no,military testing/outpost (no longer in use),no,no,no,no,yes,yes,yes,radio transmitter,no,no,no,no,no,no,no,no,no,yes,no,no,yes,yes,yes,geolocator-retreival,no,no,no,no,yes,no,yes,50-m quadrat,winter,yes,both,3d,permanent station,13-Jun-14,13-Jul-14,daily,01-Jun-14,19-Jul-14,daily,31-May-14,07-Jul-14,weekly,30-May-14,24-Jul-14,daily,NA,22-Jul-14,3d,NA,22-Jul-14,3d,29-May-14,07-Aug-14,daily,NA,NA,no,unknown,unknown,"Ongoing scientific research done through Churchill Northern Studies Center, Shorebird research conducted in past by Nol, Jehl, and others.",NA
coat,2014,Coats Island,,Paul Smith,Erica Nol,Environment Canada,Trent University,Scott Flemming,NA,Trent University,NA,intensive,3,06-Jun-14,24-Jul-14,no,no,none,no,yes,adjacent to river,yes,yes,yes,nanotag,yes,yes,no,no,no,no,no,no,yes,yes,no,no,no,yes,no,no,no,no,no,no,no,no,no,no,yes,yes,yes,yes,yes,yes,no,no,manual,21-Jun-14,12-Jul-14,daily,10-Jun-14,21-Jul-14,daily,10-Jun-14,20-Jul-14,weekly,10-Jun-14,20-Jul-14,daily,NA,NA,NA,NA,NA,NA,29-Jun-14,24-Jul-14,daily,10-Jun-14,11-Jun-14,yes,unknown,unknown,NA,NA
colv,2014,Colville River Delta,2011,David Ward,Ty Donnelly,USGS,USGS,Ty Donnelly,NA,USGS,NA,minimum,5,24-May-14,NA,yes,yes,"multiple oil fields near campsite, significant helicopter activity around plots, village of Nuiqsut around 20 miles away, REPSOL drilling",no,yes,located within a river delta,yes,yes,no,NA,yes,yes,no,NA,no,no,no,NA,yes,yes,no,NA,yes,yes,no,NA,no,no,no,NA,yes,yes,no,no,yes,no,yes,50-m circle,yes,yes,yes,3d,camp station,19-Jun-14,19-Jul-14,bi-daily,09-Jun-14,NA,daily,24-May-14,16-Jul-14,"bi-daily, weekly",26-May-14,NA,daily,07-Jun-14,23-Jul-14,3d,10-Jun-14,23-Jul-14,3d,NA,NA,NA,17-Jun-14,17-Jun-14,yes,24-May-14,04-Jun-14,Earsnst and Bart (USGS) conducted shorebird work at the same site 1995-2000,NA
iglo,2014,Igloolik,2013,Nicolas Lecomte,Marie-Andre Giroux,Universit de Moncton,Universit du Qubec  Rimouski / Universit de Moncton,Nicolas Lecomte,Marie-Andre Giroux,Universit de Moncton,Universit du Qubec  Rimouski / Universit de Moncton,intensive,8,15-Jun-14,27-Jul-14,yes,no,The study area is at ~10 km (as the crow flies) or ~20 km (by ATV) from the Igloolik community,no,yes,"Archeological site, nest picking area (goose, loons, ducks), hunting area (seals)",yes,yes,yes,"geolocators, stable isotope",no,no,no,NA,no,no,no,NA,no,yes,no,NA,no,no,no,NA,no,no,no,NA,no,no,no,NA,yes,yes,yes,study area,winter/trapping,weekly,terrestrial,2d-3d,"rain gaugue, permanent station",04-Jul-14,23-Jul-14,bi-daily,24-Jun-14,25-Jul-14,daily,06-Jun-14,19-Jun-14,daily,15-Jun-14,18-Jul-14,bi-daily,23-Jun-14,27-Jul-14,2d-3d,NA,NA,NA,08-Jun-14,26-Jul-14,daily,30-Jun-14,22-Jul-14,yes,21-Jun-14,-,"previous shorebird breeding surveys conducted by Forbes et al. In 1985 (see Forbes et al.1992. Arctic, 45: 295-303) ", The data recorded in the columns related to weather monitoring corresponds to the precipitations recorded by an automatic rain gaugue. Weather was also recorded hourly at the Environment Canada permanent weather station and those data are archived on the Environment Canada website.
ikpi,2014,Ikpikpuk,2010,Martin Robards,Rebecca Bentzen,WCS,WCS,Ruby Hammond,Penelope Chilton,WCS (seasonal employee),WCS (seasonal employee),intensive,3,03-Jun-14,21-Jul-14,no,no,none,no,yes,NA,yes,yes,yes,"geolocator, avian malaria, biparental incubation patterns, effects of feather pulling, fecal sampling",yes,yes,yes,"avian malaria, biparental incubation patterns, effects of feather pulling, fecal sampling",no,no,no,NA,yes,yes,"avian malaria, biparental incubation patterns, effects of feather pulling, fecal sampling",NA,yes,yes,yes,"avian malaria, biparental incubation patterns, effects of feather pulling, fecal sampling",no,no,no,NA,no,yes,yes,"avian malaria, biparental incubation patterns, effects of feather pulling, fecal sampling",yes,yes,no,yes,yes,yes,no,NA,"camp weatherstation, manual recording of precipitation",13-Jun-14,15-Jul-14,NA,09-Jun-14,16-Jul-14,NA,05-Jun-14,17-Jul-14,NA,05-Jun-14,18-Jul-14,NA,NA,NA,NA,NA,NA,NA,05-Jun-14,19-Jul-14,NA,05-Jun-14,06-Jun-14,yes,15-Jun-14,no ice on arrival,site has been monitored during summer breeding seasons since 2010,NA
made,2014,Mackenzie Delta,2004,Jennie Rausch,Paul Woodard,CWS,CWS,Paul Woodard,NA,CWS,NA,minimum,5,04-Jun-14,14-Jul-14,no,yes,"natural gas exploration, hunting (geese, whales)",no,yes,includes the Kendall Island Migratory Bird Sanctuary; part of proposed location for Mackenzie Gas Project (natural gas pipeline),yes,yes,yes,"geolocator recovery, avian malaria, gut microbia",no,no,no,no,no,no,no,no,no,no,no,no,yes,yes,yes,"avian malaria, gut microbia",yes,yes,yes,satellite transmitters,yes,yes,yes," avian malaria, gut microbia",yes,yes,yes,50-m quadrat,live lemming,weekly,not done,not done,"camp station, manual",13-Jun-14,05-Jul-14,daily,07-Jun-14,10-Jul-14,daily,07-Jun-14,07-Jul-14,weekly,09-Jun-14,04-Jul-14,weekly,NA,NA,NA,NA,NA,NA,07-Jun-14,12-Jul-14,hourly,NA,NA,no,unknown,unknown,"10 years of Arctic PRISM work (2004-present) by Jennie Rausch, CWS; 3 years shorebird and habitat work (1991-1993) by Cheri Gratto-Trevor, CWS (now S&T); 1 year of shorebird habitat work (1985) by H. Loney Dickson, CWS (now retired).",River open and snow melted at time of arrival.
nome,2014,Nome,2010,Brett K. Sandercock,David B. Lank,Kansas State University,Simon Fraser University,Eunbi Kwon,NA,Kansas State University,NA,intensive,4,14-May-14,01-Jul-14,yes,no,"scattered cabins used by natives and hunters around study site, no major human activity near study plot",no,yes,"shared breeding site for WESA, SESA and RNPH",yes,yes,no,NA,no,yes,no,NA,yes,yes,yes,NA,no,no,no,NA,yes,yes,yes,NA,no,no,no,NA,no,no,no,NA,yes,yes,no,100-m quadrat,NA,daily,NA,NA,camp station,02-Jun-14,01-Jul-14,daily,14-May-14,01-Jul-14,daily,18-May-14,25-Jun-14,other,14-May-14,01-Jul-14,daily,NA,NA,NA,NA,NA,NA,19-May-14,01-Jul-14,hourly,NA,NA,yes,18-May-14,unknown,"previous shorebird breeding surveys conducted by Brett Sandercock(KSU) in 1993-1996, by David Lank(SFU) in 1997-1999 and 2008-2009. ASDN protocol was applied from 2010. ",NA
prba,2014,Prudhoe Bay,2003,Rebecca Bentzen,Martin Robards,WCS,WCS,Clinton Helms,NA,WCS,NA,intensive,2,NA,NA,yes,yes,BP oilfield,no,yes,NA,no,yes,no,NA,no,yes,no,NA,no,no,no,NA,no,yes,no,NA,no,yes,no,NA,no,no,no,NA,no,yes,no,NA,no,yes,no,no,no,yes,no,NA,none,none,none,none,NA,NA,daily,NA,NA,NA,NA,NA,daily,NA,NA,NA,NA,NA,NA,NA,NA,NA,NA,NA,yes,unknown,unknown,"yes, 2010 was banding. Long-term monitoring research since 2003",NA
lkri,2014,"Taimyr, Russia",2012,Mikhail Soloviev,Viktor Golovnyuk,Lomonosov Moscow State University,"State Nature Reserve ""Taimyrsky""",Mikhail Soloviev,n/a,Lomonosov Moscow State University,n/a,intensive,5,17-Jun-14,17-Jul-14,yes,no,"caribou and waterfowl hunting and occasional fishing on lakes, mostly in June (of the bird breeding season)",no,yes,"10 km to a settlement, hence almost no breeging geese in the area",no,no,no,no,no,yes,no,no,no,no,no,no,no,yes,no,no,no,yes,no,no,no,no,no,no,no,yes,yes,camera predator identification,no,yes,yes,no,winter / live,other,no,n/a,camp station,n/a,n/a,n/a,17-Jun-14,16-Jul-14,other,n/a,n/a,n/a,18-Jun-14,17-Jul-14,daily,n/a,n/a,n/a,n/a,n/a,n/a,19-Jun-14,17-Jul-14,other (30 minutes),19-Jun-14,19-Jun-14,no,41798,unknown,Wader monitoring project was carried out at the site in 1994-2003 and in 2008-present by same PI's.,Banding was limited to opportunistic banding of chicks. MODIS data were used for snow-cover evaluation. Predator counts were based on measures of their activity levels on plots
eaba,2014,East Bay,,Paul Smith,,Environment Canada,,Lisa Kennedy,,Trent University,,intensive,5,11-Jun-14,29-Jul-14,no,no,,yes,yes,,no,no,no,,yes,yes,no,,no,no,no,,yes,yes,no,,no,no,no,,no,no,no,,no,no,no,,yes,yes,,yes,winter nest,yes,yes,3 days,yes,21-Jun-14,20-Jul-14,daily,,,,,,,11-Jun-14,20-Jul-14,daily,16-Jun-14,17-Jul-14,every 3 days,,,,14-Jun-14,25-Jul-14,every 30 minutes,,,yes,15-Jun-14,prior to arrival,,
