Site,Year,Description,Latitude,Longitude,
barr,2011,Aquatic insect trap #1/pond hydrology #1,71.24562,-156.56638,
barr,2011,Aquatic insect trap #5/pond hydrology #5,71.24414,-156.56638,
barr,2011,Aquatic insect trap #4/pond hydrology #4,71.24498,-156.56727,
barr,2011,Aquatic insect trap #2/pond hydrology #2,71.24581,-156.56746,
barr,2011,Aquatic insect trap #3/pond hydrology #3,71.24537,-156.56776,
barr,2012,Insect wet transect stop,71.28954,-156.65715,
barr,2012,Insect wet transect start,71.28901,-156.65678,
barr,2012,Insect dry transect start,71.28849,-156.6557,
barr,2012,Insect dry transect stop,71.28907,-156.6541,
barr,2012,"Predator point count k7, plot 5",71.26038,-156.51925,
barr,2012,"Predator point count g7, plot 5",71.26216,-156.51963,
barr,2012,"Predator point count c7, plot 5",71.26391,-156.52699,
barr,2012,Plot 5 northwest corner - 2,71.26253,-156.52805,
barr,2012,"Predator point count k7, plot 3",71.26751,-156.52879,
barr,2012,"Predator point count g7, plot 3",71.26931,-156.52945,
barr,2012,"Predator point count c7, plot 3",71.27109,-156.53017,
barr,2012,Plot 5 northwest corner - 1,71.26466,-156.5357,
barr,2012,Plot 3 northwest corner,71.27173,-156.53875,
barr,2012,"Predator point count c7, plot 6",71.24365,-156.54669,
barr,2012,"Predator point count g7, plot 6",71.24185,-156.54689,
barr,2012,"Predator point count k7, plot 6",71.24004,-156.54709,
barr,2012,Plot 6 northwest corner,71.24462,-156.5549,
barr,2012,Aquatic insect trap #1,71.24562,-156.56638,
barr,2012,Aquatic insect trap #5,71.24414,-156.56638,
barr,2012,Pond hydrology pond #1,71.24562,-156.56638,
barr,2012,Pond hydrology pond #5,71.24414,-156.56638,
barr,2012,Aquatic insect trap #4,71.24498,-156.56727,
barr,2012,Pond hydrology pond #4,71.24498,-156.56727,
barr,2012,Aquatic insect trap #2,71.24581,-156.56746,
barr,2012,Pond hydrology pond #2,71.24581,-156.56746,
barr,2012,Aquatic insect trap #3,71.24537,-156.56776,
barr,2012,Pond hydrology pond #3,71.24537,-156.56776,
barr,2012,"Predator point count c7, plot 8",71.24916,-156.57774,
barr,2012,"Predator point count g7, plot 8",71.24737,-156.57796,
barr,2012,"Predator point count k7, plot 8",71.24557,-156.57819,
barr,2012,Plot 8 northwest corner,71.25016,-156.58598,
barr,2012,"Predator point count k7, plot 1",71.29723,-156.62883,
barr,2012,"Predator point count g7, plot 1",71.29806,-156.63374,
barr,2012,"Predator point count c7, plot 1",71.29892,-156.63867,
barr,2012,Plot 1 northwest corner,71.29689,-156.64528,
barr,2012,"Predator point count c7, plot 2",71.29472,-156.6497,
barr,2012,"Predator point count g7, plot 2",71.29283,-156.65007,
barr,2012,"Predator point count k7, plot 2",71.29096,-156.65042,
barr,2012,Plot 2 northwest corner,71.2958,-156.65819,
barr,2012,Field camp (housing),71.30153,-156.76003,
barr,2012,Weather station ,Barrow airport weather station,,
barr,2013,Insect wet transect stop,71.28954,-156.65715,
barr,2013,Insect wet transect start,71.28901,-156.65678,
barr,2013,Insect dry transect start,71.28849,-156.6557,
barr,2013,Insect dry transect stop,71.28907,-156.6541,
barr,2013,"Predator point count k7, plot 5",71.26038,-156.51925,
barr,2013,"Predator point count g7, plot 5",71.26216,-156.51963,
barr,2013,"Predator point count c7, plot 5",71.26391,-156.52699,
barr,2013,Plot 5 northwest corner - 2,71.26253,-156.52805,
barr,2013,"Predator point count k7, plot 3",71.26751,-156.52879,
barr,2013,"Predator point count g7, plot 3",71.26931,-156.52945,
barr,2013,"Predator point count c7, plot 3",71.27109,-156.53017,
barr,2013,Plot 5 northwest corner - 1,71.26466,-156.5357,
barr,2013,Plot 3 northwest corner,71.27173,-156.53875,
barr,2013,Aquatic insect trap #1,71.24562,-156.56638,
barr,2013,Aquatic insect trap #5,71.24414,-156.56638,
barr,2013,Pond hydrology pond #1,71.24562,-156.56638,
barr,2013,Pond hydrology pond #5,71.24414,-156.56638,
barr,2013,Aquatic insect trap #4,71.24498,-156.56727,
barr,2013,Pond hydrology pond #4,71.24498,-156.56727,
barr,2013,Aquatic insect trap #2,71.24581,-156.56746,
barr,2013,Pond hydrology pond #2,71.24581,-156.56746,
barr,2013,Aquatic insect trap #3,71.24537,-156.56776,
barr,2013,Pond hydrology pond #3,71.24537,-156.56776,
barr,2013,"Predator point count k7, plot 0",71.28189,-156.57746,
barr,2013,"Predator point count c7, plot 8",71.24916,-156.57774,
barr,2013,"Predator point count g7, plot 8",71.24737,-156.57796,
barr,2013,"Predator point count k7, plot 8",71.24557,-156.57819,
barr,2013,"Predator point count g7, plot 0",71.28356,-156.57971,
barr,2013,"Predator point count c7, plot 0",71.28524,-156.58195,
barr,2013,Plot 8 northwest corner,71.25016,-156.58598,
barr,2013,Plot 0 northwest corner,71.28494,-156.59052,
barr,2013,"Predator point count k7, plot 1",71.29723,-156.62883,
barr,2013,"Predator point count g7, plot 1",71.29806,-156.63374,
barr,2013,"Predator point count c7, plot 1",71.29892,-156.63867,
barr,2013,Plot 1 northwest corner,71.29689,-156.64528,
barr,2013,"Predator point count c7, plot 2",71.29472,-156.6497,
barr,2013,"Predator point count g7, plot 2",71.29283,-156.65007,
barr,2013,"Predator point count k7, plot 2",71.29096,-156.65042,
barr,2013,Plot 2 northwest corner,71.2958,-156.65819,
barr,2013,Field camp (housing),71.30153,-156.76003,
barr,2013,Weather station ,Barrow airport weather station,,
barr,2014,Field camp (housing),71.301529,-156.760032,
barr,2014,Aquatic insect trap 1 (A1) Plot 2,71.29047,-156.66087,
barr,2014,Aquatic insect trap 2 (A2) Plot 2,71.29077,-156.66075,
barr,2014,Plot 2 northwest corner,71.29580163,-156.6581888,
barr,2014,Wet insect trap 2 (W2) Plot 2,71.28926,-156.65683,
barr,2014,Wet insect trap 1 (W1) Plot 2,71.28915,-156.65678,
barr,2014,Dry insect trap 2 (D2) Plot 2,71.2885,-156.65582,
barr,2014,Dry insect trap 1 (D1) Plot 2,71.28908,-156.65411,
barr,2014,"Predator point count k7, plot 2",71.29095573,-156.6504221,
barr,2014,"Predator point count g7, plot 2",71.2928303,-156.6500652,
barr,2014,"Predator point count c7, plot 2",71.29471501,-156.6496974,
barr,2014,Plot 1 northwest corner,71.29688952,-156.6452778,
barr,2014,"Predator point count c7, plot 1",71.29891614,-156.6386663,
barr,2014,"Predator point count g7, plot 1",71.29806368,-156.6337442,
barr,2014,"Predator point count k7, plot 1",71.29722879,-156.6288267,
barr,2014,Plot 0 northwest corner,71.28494,-156.59052,
barr,2014,Wet insect trap 3 (W3) Plot 0,71.28264,-156.58916,
barr,2014,Wet insect trap 4 (W4) Plot 0,71.28178,-156.58836,
barr,2014,Dry insect trap 4 (D4) Plot 0,71.28159,-156.58821,
barr,2014,Dry insect trap 3 (D3) Plot 0,71.28086,-156.58696,
barr,2014,Plot 8 northwest corner,71.2501609,-156.5859843,
barr,2014,Aquatic insect trough 1 (T1) Plot 0,71.28436,-156.58211,
barr,2014,"Predator point count c7, plot 0",71.28524,-156.58195,
barr,2014,Aquatic insect trough 2 (T2) Plot 0,71.28608,-156.58063,
barr,2014,Aquatic insect trap 3 (A3) Plot 0,71.28408,-156.5804,
barr,2014,"Predator point count g7, plot 0",71.28356,-156.57971,
barr,2014,"Predator point count k7, plot 8",71.24557445,-156.5781872,
barr,2014,"Predator point count g7, plot 8",71.24736605,-156.5779642,
barr,2014,"Predator point count c7, plot 8",71.24915764,-156.5777411,
barr,2014,"Predator point count k7, plot 0",71.28189,-156.57746,
barr,2014,Aquatic insect trap 4 (A4) Plot 0,71.28454,-156.57314,
barr,2014,Aquatic insect trap 8 (A8) Plot 8,71.24581,-156.56755,
barr,2014,Wet insect trap 8 (W8) Plot 8,71.2448,-156.56697,
barr,2014,Aquatic insect trap 7 (A7) Plot 8,71.24414,-156.56638,
barr,2014,Dry insect trap 8 (D8) Plot 8,71.24539,-156.56042,
barr,2014,Wet insect trap 7 (W7) Plot 6 ,71.24235,-156.5565,
barr,2014,Dry insect trap 7 (D7) Plot 6,71.24245,-156.55583,
barr,2014,Plot 3 northwest corner,71.27173046,-156.5387471,
barr,2014,Plot 5 northwest corner - 1,71.26465602,-156.5356965,
barr,2014,"Predator point count c7, plot 3",71.27109282,-156.5301686,
barr,2014,"Predator point count g7, plot 3",71.26930663,-156.5294531,
barr,2014,"Predator point count k7, plot 3",71.26751138,-156.5287877,
barr,2014,Plot 5 northwest corner - 2,71.26253497,-156.5280496,
barr,2014,"Predator point count c7, plot 5",71.26391084,-156.5269867,
barr,2014,Dry insect trap 6 (D6) Plot 5,71.25748,-156.52682,
barr,2014,Dry insect trap 5 (D5) Plot 5,71.25607,-156.52647,
barr,2014,Aquatic insect trap 6 (A6) Plot 5,71.25791,-156.52431,
barr,2014,Aquatic insect trap 5 (A5) Plot 5,71.25599,-156.52025,
barr,2014,"Predator point count g7, plot 5",71.26216451,-156.5196336,
barr,2014,Wet insect trap 5 (W5) Plot 5,71.25702,-156.51962,
barr,2014,"Predator point count k7, plot 5",71.26037638,-156.5192503,
barr,2014,Wet insect trap 6 (W6) Plot 5,71.25617,-156.51884,
barr,2014,Lemming Winter nest transect start,see winter nest file,see winter nest file,
barr,2014,Lemming Winter nest transect stop,see winter nest file,see winter nest file,
barr,2014,Weather station ,Barrow airport weather station,,
burn,2012,Nest plot ID1 northwest corner,55.2422,-84.3078,
burn,2012,Lemming Winter nest transect start,55.23895,-84.31123,
burn,2012,Field camp (housing),55.24174,-84.31778,
burn,2012,Lemming live transect count start,55.24174,-84.31778,
burn,2012,Lemming live transect count stop,55.24174,-84.31778,
burn,2012,Lemming Winter nest transect stop,55.24497,-84.3181,
burn,2012,Insect dry transect start,55.24074,-84.31936,
burn,2012,Insect wet transect start,55.24045,-84.31953,
burn,2012,Insect wet transect stop,55.24045,-84.31953,
burn,2012,Insect dry transect stop,55.2411,-84.32025,
burn,2012,Nest plot ID2 northwest corner,55.24114,-84.32643,
burn,2013,Nest plot ID 4 northwest corner,55.24593,-84.31383,
burn,2013,Nest plot ID 3 northwest corner,55.23789,-84.30907,
burn,2014,goose/shorebird monitoring area-nw,55.26867,-84.34854,
burn,2014,goose/shorebird monitoring area-nnw,55.25532,-84.34589,
burn,2014,goose/shorebird monitoring area-west,55.24209,-84.34316,
burn,2014,goose/shorebird monitoring area-north,55.27119,-84.33141,
burn,2014,goose/shorebird monitoring area-sw,55.21987,-84.32891,
burn,2014,intensive plot 2-nw,55.24114,-84.32643,
burn,2014,intensive plot 2-sw,55.23755,-84.32643,
burn,2014,intensive plot 2-se,55.23752,-84.31999,
burn,2014,intensive plot 2-ne,55.24111,-84.31997,
burn,2014,intensive plot 4-sw,55.24234,-84.31407,
burn,2014,intensive plot 4-nw,55.24593,-84.31383,
burn,2014,goose/shorebird monitoring area-ne,55.27334,-84.31372,
burn,2014,intensive plot 3-sw,55.2343,-84.30931,
burn,2014,intensive plot 3-nw,55.23789,-84.30907,
burn,2014,intensive plot 1-sw,55.2386,-84.30852,
burn,2014,goose/shorebird monitoring area-south,55.20837,-84.30843,
burn,2014,intensive plot 1-nw,55.2422,-84.3078,
burn,2014,intensive plot 4-se,55.2422,-84.3078,
burn,2014,intensive plot 4-ne,55.2458,-84.30754,
burn,2014,intensive plot 3-se,55.23416,-84.30303,
burn,2014,intensive plot 3-ne,55.23775,-84.30278,
burn,2014,intensive plot 1-se,55.23818,-84.3023,
burn,2014,intensive plot 1-ne,55.24177,-84.30155,
burn,2014,goose/shorebird monitoring area-nne,55.25985,-84.29232,
burn,2014,goose/shorebird monitoring area-east,55.24166,-84.29115,
burn,2014,goose/shorebird monitoring area-se,55.21686,-84.2874,
bylo,2009,Insect trap dry #6AR06,73.14909513,-79.98011302,
bylo,2009,Insect trap dry #7AR07,73.14911927,-79.97955521,
bylo,2009,Insect trap dry #8AR08,73.14915221,-79.97896598,
bylo,2009,Insect trap dry #9AR09,73.14917635,-79.97840817,
bylo,2009,Insect trap dry #10AR10,73.14934144,-79.9773475,
bylo,2009,Insect trap wet #5AR05,73.160138,-79.95097733,
bylo,2009,Insect trap wet #4AR04,73.15995686,-79.95061713,
bylo,2009,Insect trap wet #3AR03,73.15973845,-79.94998082,
bylo,2009,Insect trap wet #2AR02,73.15952964,-79.94946766,
bylo,2009,Insect trap wet #1AR01,73.15933874,-79.94895343,
bylo,2010,Insect trap dryBAT03,73.14907919,-79.98051579,
bylo,2010,Insect trap dry #6AR10-06,73.14908617,-79.98011354,
bylo,2010,Insect trap dry #7AR10-07,73.14913719,-79.97955416,
bylo,2010,Insect trap dry #8AR10-08,73.14915206,-79.97893508,
bylo,2010,Insect trap dry #9AR10-09,73.14918363,-79.97806773,
bylo,2010,Insect trap dry #10AR10-10,73.14927794,-79.97719668,
bylo,2010,Insect trap dryBAT04,73.14929249,-79.97651579,
bylo,2010,Insect trap wetBAT02,73.16021001,-79.95103484,
bylo,2010,Insect trap wet #5AR10-05,73.16009287,-79.9509182,
bylo,2010,Insect trap wet #4AR10-04,73.1599383,-79.95049453,
bylo,2010,Insect trap wet #3AR10-03,73.15969301,-79.94985985,
bylo,2010,Insect trap wet #2AR10-02,73.15950228,-79.94937653,
bylo,2010,Insect trap wet #1AR10-01,73.15935636,-79.9488905,
bylo,2010,Insect trap wetBAT01,73.15921138,-79.94859,
bylo,2011,Insect trap dry #6AR06,73.14909513,-79.98011302,
bylo,2011,Insect trap dry #7AR07,73.14911927,-79.97955521,
bylo,2011,Insect trap dry #8AR08,73.14915221,-79.97896598,
bylo,2011,Insect trap dry #9AR09,73.14917635,-79.97840817,
bylo,2011,Insect trap dry #10AR10,73.14934144,-79.9773475,
bylo,2011,Pond #1,73.15765957,-79.96798166,
bylo,2011,Pond #2,73.15871916,-79.9647331,
bylo,2011,Pond #3,73.15904007,-79.96257991,
bylo,2011,Pond #5,73.16024015,-79.96232258,
bylo,2011,Pond #4,73.15983029,-79.96104805,
bylo,2011,Insect trap wet #5AR05,73.160138,-79.95097733,
bylo,2011,Insect trap wet #4AR04,73.15995686,-79.95061713,
bylo,2011,Insect trap wet #3AR03,73.15973845,-79.94998082,
bylo,2011,Insect trap wet #2AR02,73.15952964,-79.94946766,
bylo,2011,Insect trap wet #1AR01,73.15933874,-79.94895343,
bylo,2012,Insect trap dry #10Bat 10,73.14910608,-79.98051421,
bylo,2012,Insect trap dry #9Bat 09,73.14915542,-79.97961491,
bylo,2012,Insect trap dry #8Bat 08,73.14917926,-79.9789953,
bylo,2012,Insect trap dry #7Bat 07,73.14932275,-79.97719404,
bylo,2012,Insect trap dry #6Bat 06,73.14931042,-79.97651474,
bylo,2012,Pond #1,73.15765957,-79.96798166,
bylo,2012,Pond #5,73.16004514,-79.96276726,
bylo,2012,Pond #4,73.16085665,-79.96012051,
bylo,2012,Pond #2,73.15936439,-79.95755007,
bylo,2012,Pond #3,73.15973599,-79.95656893,
bylo,2012,Insect trap wet #5Bat 05,73.16000167,-79.95061442,
bylo,2012,Insect trap wet #4Bat 04,73.15972918,-79.94991952,
bylo,2012,Insect trap wet #3Bat 03,73.15953766,-79.9492816,
bylo,2012,Insect trap wet #2Bat 02,73.1593834,-79.94891979,
bylo,2012,Insect trap wet #1Bat 01,73.15922915,-79.948558,
bylo,2013,Insect trap dry #10Bat 10,73.14910608,-79.98051421,
bylo,2013,Insect trap dry #9Bat 09,73.14915542,-79.97961491,
bylo,2013,Insect trap dry #8Bat 08,73.14917926,-79.9789953,
bylo,2013,Insect trap dry #7Bat 07,73.14932275,-79.97719404,
bylo,2013,Insect trap dry #6Bat 06,73.14931042,-79.97651474,
bylo,2013,Insect trap wet #5Bat 05,73.16000167,-79.95061442,
bylo,2013,Insect trap wet #4Bat 04,73.15972918,-79.94991952,
bylo,2013,Insect trap wet #3Bat 03,73.15953766,-79.9492816,
bylo,2013,Insect trap wet #2Bat 02,73.1593834,-79.94891979,
bylo,2013,Insect trap wet #1Bat 01,73.15922915,-79.948558,
bylo,2014,Insect trap dry #10Bat 10,73.14910608,-79.98051421,
bylo,2014,Insect trap dry #9Bat 09,73.14915542,-79.97961491,
bylo,2014,Insect trap dry #8Bat 08,73.14917926,-79.9789953,
bylo,2014,Insect trap dry #7Bat 07,73.14932275,-79.97719404,
bylo,2014,Insect trap dry #6Bat 06,73.14931042,-79.97651474,
bylo,2014,Insect trap wet #5Bat 05,73.16000167,-79.95061442,
bylo,2014,Insect trap wet #4Bat 04,73.15972918,-79.94991952,
bylo,2014,Insect trap wet #3Bat 03,73.15953766,-79.9492816,
bylo,2014,Insect trap wet #2Bat 02,73.1593834,-79.94891979,
bylo,2014,Insect trap wet #1Bat 01,73.15922915,-79.948558,
bylo,2005 to 2014,Nest plot ID northwest corner,73.15533,-80.03779,
bylo,2005 to 2014,Nest plot ID southwest corner,73.13838,-80.0176,
bylo,2005 to 2014,Main field camp,73.15647891,-79.97213377,
bylo,2005 to 2014,Nest plot ID northeast corner,73.16702,-79.92084,
bylo,2005 to 2014,Nest plot ID southeast corner,73.15006,-79.90075,
cakr,2011,snow surface water#4,67.11051,-163.4763,
cakr,2011,snow surface water#3,67.11039,-163.47822,
cakr,2011,snow surface water#2,67.10999,-163.48004,
cakr,2011,Insect dry transect stop,67.11031,-163.48009,
cakr,2011,Insect dry transect start,67.11053,-163.48082,
cakr,2011,Insect wet transect stop,67.11304,-163.48082,
cakr,2011,Insect wet transect start,67.11193,-163.48087,
cakr,2011,snow surface water#1,67.10978,-163.48201,
cakr,2011,Weather station ,67.1088,-163.48304,
cakr,2011,Field camp (housing),67.11424,-163.49555,
cakr,2011,Aquatic insect trap #5,67.11348,-163.49754,
cakr,2011,Aquatic insect trap #4,67.11323,-163.49872,
cakr,2011,Aquatic insect trap #3,67.1125,-163.50185,
cakr,2011,Aquatic insect trap #1,67.11234,-163.50249,
cakr,2011,Aquatic insect trap #2,67.11378,-163.50285,
cakr,2013,snow surface water#4,67.11051,-163.4763,
cakr,2013,snow surface water#3,67.11039,-163.47822,
cakr,2013,snow surface water#2,67.10999,-163.48004,
cakr,2013,Insect dry transect stop,67.11031,-163.48009,
cakr,2013,Insect dry transect start,67.11053,-163.48082,
cakr,2013,Insect wet transect stop,67.11304,-163.48082,
cakr,2013,Insect wet transect start,67.11193,-163.48087,
cakr,2013,snow surface water#1,67.10978,-163.48201,
cakr,2013,Weather station ,67.1088,-163.48304,
cakr,2013,Field camp (housing),67.11424,-163.49555,
cakr,2013,Aquatic insect trap #5,67.11348,-163.49754,
cakr,2013,Aquatic insect trap #4,67.11323,-163.49872,
cakr,2013,Aquatic insect trap #3,67.1125,-163.50185,
cakr,2013,Aquatic insect trap #1,67.11234,-163.50249,
cakr,2013,Aquatic insect trap #2,67.11378,-163.50285,
cari,2011,Lemming Winter nest transect 1 stop,70.12579,-145.85369,
cari,2011,Lemming Winter nest transect 2 stop,70.1255,-145.85252,
cari,2011,Lemming Winter nest transect 2 start,70.11748,-145.84882,
cari,2011,Lemming Winter nest transect 1 start,70.11768,-145.84864,
cari,2012,lemming nest transect point 10b,70.10121,-145.786,
cari,2012,lemming nest transect point 10,70.10098,-145.7867,
cari,2012,lemming nest transect point 11b,70.11903,-145.7901,
cari,2012,lemming nest transect point 11,70.1188,-145.7909,
cari,2012,lemming nest transect point 09,70.10098,-145.8107,
cari,2012,lemming nest transect point 09b,70.10124,-145.8108,
cari,2012,lemming nest transect point 02,70.11363,-145.8155,
cari,2012,lemming nest transect point 07b,70.08064,-145.8173,
cari,2012,lemming nest transect point 07,70.08057,-145.8177,
cari,2012,lemming nest transect point 02b,70.1135,-145.8179,
cari,2012,lemming nest transect point 08b,70.10027,-145.824,
cari,2012,lemming nest transect point 08,70.09999,-145.8246,
cari,2012,lemming nest transect point 06,70.08282,-145.8268,
cari,2012,lemming nest transect point 05,70.08639,-145.8269,
cari,2012,lemming nest transect point 06b,70.0832,-145.8276,
cari,2012,lemming nest transect point 05b,70.08628,-145.8278,
cari,2012,lemming nest transect point 04b,70.09007,-145.8428,
cari,2012,lemming nest transect point 04,70.09075,-145.844,
cari,2012,lemming nest transect point 03b,70.10593,-145.8475,
cari,2012,lemming nest transect point 03,70.10506,-145.8483,
cari,2012,lemming nest transect point 01,70.11768,-145.8486,
cari,2012,lemming nest transect point 01b,70.11719,-145.8486,
cari,2012,lemming nest transect point 13b,70.1255,-145.8525,
cari,2012,lemming nest transect point 13,70.12579,-145.8536,
cari,2012,lemming nest transect point 12b,70.12978,-145.8544,
cari,2012,lemming nest transect point 12,70.12937,-145.8552,
chau,2012,Nest plot ID w47northwest corner,68.7703,170.6274,
chau,2012,Lemming Winter nest transect stop,68.7737,170.5791,
chau,2012,Nest plot ID w34 northwest corner,68.8122,170.5652,
chau,2012,Lemming Winter nest transect start,68.7732,170.552,
chau,2012,Field camp (housing),68.7741,170.5489,
chau,2012,Weather station ,68.7741,170.5489,
chau,2012,Nest plot ID w46northwest corner,68.7761,170.545,
chau,2012,Nest plot ID w28northwest corner,68.819,170.5091,
chau,2012,Nest plot ID w23northwest corner,68.8293,170.4271,
chau,2013,ASDN 03,68.77634,170.58811,
chau,2013,ASDN 04,68.77771,170.58726,
chau,2013,ASDN 02,68.77567,170.58469,
chau,2013,ASDN 01,68.77529,170.58249,
chau,2013,ASDN 05,68.79253,170.57301,
chau,2013,ASDN 06,68.79257,170.56949,
chau,2013,ASDN 07,68.7912,170.56582,
chau,2013,ASDN 08,68.78941,170.56143,
chau,2013,ASDN 09,68.78902,170.55667,
chau,2014,W23 A5 SW,68.825599,170.427005,
chau,2014,W23 A1 NW,68.829188,170.427044,
chau,2014,W23 E5 SE,68.825538,170.436997,
chau,2014,W23 E1 NE,68.829149,170.437006,
chau,2014,W28 A1 NW,68.820773,170.511239,
chau,2014,W28 E1 SW,68.817168,170.511781,
chau,2014,W28 A5 NE,68.820737,170.520941,
chau,2014,W28 E5 SE,68.816861,170.52154,
chau,2014,W46 A1 W,68.776753,170.543936,
chau,2014,W46 E1 N,68.779453,170.550478,
chau,2014,W46 A5 S,68.774403,170.55148,
chau,2014,ASDN 09,68.78902,170.55667,
chau,2014,ASDN 08,68.78941,170.56143,
chau,2014,W34 A1 W,68.812113,170.565099,
chau,2014,ASDN 07,68.7912,170.56582,
chau,2014,ASDN 06,68.79257,170.56949,
chau,2014,W34 E1 N,68.814888,170.570941,
chau,2014,ASDN 05,68.79253,170.57301,
chau,2014,W34 E5 E,68.812793,170.578979,
chau,2014,ASDN 01,68.77529,170.58249,
chau,2014,ASDN 02,68.77567,170.58469,
chau,2014,ASDN 04,68.77771,170.58726,
chau,2014,ASDN 03,68.77634,170.58811,
chau,2014,W47 A5 SW,68.766321,170.626076,
chau,2014,W47 A1 NW,68.769894,170.626117,
chau,2014,W47 E1 NE,68.769914,170.636025,
chau,2014,W47 E5 SE,68.766322,170.636058,
chur,2010,Weather station ,58.750495,-93.858149,
chur,2010,Lemming Winter nest transect 3 stop,58.675872,-93.850752,
chur,2010,Lemming Winter nest transect 3 start,58.657573,-93.850631,
chur,2010,Aquatic insect trap #4 /2011 Sweep,58.671916,-93.842921,
chur,2010,Lemming Winter nest transect 2 start,58.675872,-93.842286,
chur,2010,Lemming Winter nest transect 2 stop,58.65751,-93.842286,
chur,2010,Lemming Winter nest transect start,58.661059,-93.838964,
chur,2010,Aquatic insect trap #3 /2011 Sweep,58.672522,-93.838704,
chur,2010,Aquatic insect trap #2 /2011 Sweep,58.715708,-93.836576,
chur,2010,Mesic 2,58.715935,-93.83608,
chur,2010,Mesic 3,58.715936,-93.835873,
chur,2010,Insect dry transect start (Dry1),58.716327,-93.835786,
chur,2010,Mesic 4,58.715848,-93.835784,
chur,2010,Insect dry transect stop (Dry 5),58.665303,-93.835405,
chur,2010,Lemming Winter nest transect 4 start,58.669966,-93.834778,
chur,2010,Lemming Winter nest transect 4 stop,58.687842,-93.834433,
chur,2010,Insect wet transect stop (Mesic 5),58.666081,-93.834133,
chur,2010,Dry 2,58.665994,-93.834023,
chur,2010,Dry 3,58.665805,-93.834001,
chur,2010,Dry 4,58.665563,-93.833909,
chur,2010,Insect wet transect start (Mesic 1),58.665218,-93.833574,
chur,2010,Aquatic insect trap #5 /2011 Sweep,58.66572,-93.832925,
chur,2010,Field camp (housing),58.737587,-93.819541,
chur,2010,Aquatic insect trap #1 /2011 Sweep,58.734336,-93.808791,
chur,2010,Lemming Winter nest transect stop,58.661059,-93.803892,
chur,2010,"Predator point count stat #2, plot 1",58.680201,-93.80349,
chur,2010,"Predator point count stat #1, plot 1",58.63845,-93.791122,
chur,2011,Snow Plot (SP2.4),58.749661,-93.974294,
chur,2011,Snow Plot (SP2.3),58.751346,-93.973546,
chur,2011,Snow Plot (SP2.5),58.748815,-93.973251,
chur,2011,Snow Plot (SP2.2),58.752161,-93.972567,
chur,2011,Snow Plot (SP2.1),58.752477,-93.971193,
chur,2011,Weather station ,58.750495,-93.858149,
chur,2011,Lemming Winter nest transect 3 stop,58.675872,-93.850752,
chur,2011,Lemming Winter nest transect 3 start,58.657573,-93.850631,
chur,2011,Aquatic insect trap #4 /2011 Sweep,58.671916,-93.842921,
chur,2011,Pond Hydrology 4,58.67192,-93.84292,
chur,2011,Lemming Winter nest transect 2 start,58.675872,-93.842286,
chur,2011,Lemming Winter nest transect 2 stop,58.65751,-93.842286,
chur,2011,Lemming Winter nest transect start,58.661059,-93.838964,
chur,2011,Aquatic insect trap #3 /2011 Sweep,58.672522,-93.838704,
chur,2011,Pond Hydrology 3,58.67252,-93.8387,
chur,2011,Pond Hydrology 2,58.71571,-93.83658,
chur,2011,Aquatic insect trap #2 /2011 Sweep,58.715708,-93.836576,
chur,2011,Mesic 2,58.715935,-93.83608,
chur,2011,Mesic 3,58.715936,-93.835873,
chur,2011,Insect dry transect start (Dry1),58.716327,-93.835786,
chur,2011,Mesic 4,58.715848,-93.835784,
chur,2011,Insect dry transect stop (Dry 5),58.665303,-93.835405,
chur,2011,Lemming Winter nest transect 4 start,58.669966,-93.834778,
chur,2011,Lemming Winter nest transect 4 stop,58.687842,-93.834433,
chur,2011,Insect wet transect stop (Mesic 5),58.666081,-93.834133,
chur,2011,Dry 2,58.665994,-93.834023,
chur,2011,Dry 3,58.665805,-93.834001,
chur,2011,Dry 4,58.665563,-93.833909,
chur,2011,Insect wet transect start (Mesic 1),58.665218,-93.833574,
chur,2011,Aquatic insect trap #5 /2011 Sweep,58.66572,-93.832925,
chur,2011,Pond Hydrology 5,58.66577,-93.82984,
chur,2011,Field camp (housing),58.737587,-93.819541,
chur,2011,Snow Plot (SP1.5),58.74054,-93.818685,
chur,2011,Snow Plot (SP1.4),58.74033,-93.816313,
chur,2011,Snow Plot (SP1.3),58.739912,-93.81423,
chur,2011,Snow Plot (SP1.1),58.727649,-93.81416,
chur,2011,Snow Plot (SP1.2),58.738072,-93.812702,
chur,2011,Aquatic insect trap #1 /2011 Sweep,58.734336,-93.808791,
chur,2011,Lemming Winter nest transect stop,58.661059,-93.803892,
chur,2011,Pond Hydrology 1,58.73434,-83.80879,
chur,2013,Lemming live transect count stop,58.67587,-93.85075,
chur,2013,Lemming Winter nest transect stop,58.67587,-93.85075,
chur,2013,Lemming live transect count start,58.65758,-93.85063,
chur,2013,Lemming Winter nest transect start,58.65758,-93.85063,
chur,2013,Aquatic insect trap #4,58.67192,-93.84292,
chur,2013,Lemming Winter nest transect start,58.67501,-93.84269,
chur,2013,Lemming Winter nest transect stop,58.65751,-93.84228,
chur,2013,Aquatic insect trap #3,58.67252,-93.8387,
chur,2013,Aquatic insect trap #2,58.71571,-93.83658,
chur,2013,Insect dry transect stop,58.71622,-93.83631,
chur,2013,Insect dry transect start,58.71569,-93.8356,
chur,2013,Lemming Winter nest transect start,58.66292,-93.83479,
chur,2013,"Predator point count stat #1, plot 1",58.66292,-93.83479,
chur,2013,Lemming Winter nest transect stop,58.66746,-93.83456,
chur,2013,"Predator point count stat #2, plot 2",58.66746,-93.83456,
chur,2013,Insect wet transect stop,58.6662,-93.83408,
chur,2013,Insect wet transect start,58.66531,-93.83391,
chur,2013,Aquatic insect trap #5,58.66572,-93.83292,
chur,2013,Field camp (housing),58.73759,-93.81954,
chur,2013,Aquatic insect trap #1,58.73434,-93.80879,
chur,2013,Lemming Winter nest transect stop,58.66285,-93.8008,
chur,2013,"Predator point count stat #2, plot 1",58.66285,-93.8008,
chur,2013,Lemming Winter nest transect start,58.66738,-93.80068,
chur,2013,"Predator point count stat #1, plot 2",58.66738,-93.80068,
chur,2014,Snow plot 2.4,58.74963,-93.9743,
chur,2014,Snow plot 2.3,58.75135,-93.97356,
chur,2014,Snow plot 2.5,58.74882,-93.97327,
chur,2014,Snow plot 2.2,58.75217,-93.97259,
chur,2014,Snow plot 2.1,58.75248,-93.97121,
chur,2014,Lemming Winter nest transect 2 stop,58.67587,-93.85075,
chur,2014,Lemming Winter nest transect 2 start,58.65758,-93.85063,
chur,2014,Aquatic insect trap #4,58.67192,-93.84292,
chur,2014,Lemming Winter nest transect 1 start,58.67501,-93.84269,
chur,2014,Lemming Winter nest transect 1 stop,58.65751,-93.84228,
chur,2014,Aquatic insect trap #3,58.67252,-93.8387,
chur,2014,Aquatic insect trap #2,58.71571,-93.83658,
chur,2014,Insect dry transect stop,58.71622,-93.83631,
chur,2014,Insect dry transect start,58.71569,-93.8356,
chur,2014,Lemming Winter nest transect 3 start,58.66292,-93.83479,
chur,2014,Lemming Winter nest transect 4 stop,58.66746,-93.83456,
chur,2014,Insect wet transect stop,58.6662,-93.83408,
chur,2014,Insect wet transect start,58.66531,-93.83391,
chur,2014,Aquatic insect trap #5,58.66572,-93.83292,
chur,2014,Field camp (housing),58.73759,-93.81954,
chur,2014,Snow plot 1.5,58.74047,-93.8187,
chur,2014,Snow plot 1.4,58.74033,-93.81631,
chur,2014,Snow plot 1.3,58.73991,-93.81423,
chur,2014,Snow plot 1.1,58.73756,-93.81416,
chur,2014,Snow plot 1.2,58.73807,-93.81268,
chur,2014,Aquatic insect trap #1,58.73434,-93.80879,
chur,2014,Lemming Winter nest transect 3 stop,58.66285,-93.8008,
chur,2014,Lemming Winter nest transect 4 start,58.66738,-93.80068,
chur,2014,Weather station ,58.739167,-93.06639,
coat,2014,Inland Transect stop,62.85788 ,-82.48818,
coat,2014,Inland Transect start,62.85177,-82.48612,
coat,2014,Field camp (housing),62.85182,-82.48478,
coat,2014,Weather station ,62.85182,-82.48478,
coat,2014,Lemming Winter nest transect start,62.85182,-82.48478,
coat,2014,River Transect start,62.85182,-82.48478,
coat,2014,River Transect stop,62.85894,-82.47492,
coat,2014,Lemming Winter nest transect stop,62.88327,-82.46372,
colv,2011,Snow Survey North 9,70.43421,-150.7153,
colv,2011,Nest plot ID North northwest corner,70.44906,-150.71237,
colv,2011,Snow Survey North 1,70.44848,-150.70834,
colv,2011,Snow Survey North 7,70.43766,-150.70419,
colv,2011,Lemming Winter nest transect 1 stop,70.4353,-150.70404,
colv,2011,Snow Survey North 6,70.43945,-150.70399,
colv,2011,Lemming Winter nest transect 2 start,70.43671,-150.70328,
colv,2011,Snow Survey North 10,70.43401,-150.69925,
colv,2011,Snow Survey North 2,70.44655,-150.69785,
colv,2011,Snow Survey South 9,70.42075,-150.69701,
colv,2011,Lemming Winter nest transect 3 stop,70.44381,-150.69307,
colv,2011,Snow Survey North 4,70.4429,-150.6929,
colv,2011,Lemming Winter nest transect 5 stop,70.4227,-150.69189,
colv,2011,Snow Survey South 5,70.42426,-150.69127,
colv,2011,Lemming Winter nest transect 2 stop,70.44189,-150.68948,
colv,2011,Lemming Winter nest transect 3 start,70.44189,-150.68948,
colv,2011,Nest plot ID South northwest corner,70.43254,-150.68817,
colv,2011,Snow Survey North 5,70.44104,-150.68774,
colv,2011,Snow Survey North 3,70.44463,-150.68735,
colv,2011,Snow Survey South 6,70.42413,-150.68057,
colv,2011,Lemming Winter nest transect 1 start,70.43825,-150.67868,
colv,2011,Pond Hydrology Pond #1,70.43677,-150.67835,
colv,2011,Pond Hydrology Pond #5,70.4342,-150.67828,
colv,2011,Snow Survey North 8,70.43732,-150.67746,
colv,2011,Pond Hydrology Pond #4,70.43461,-150.67732,
colv,2011,Insect wet transect stop,70.43562,-150.67722,
colv,2011,Invert Mesic Trap #5,70.43562,-150.67722,
colv,2011,Pond Hydrology Pond #2,70.43501,-150.67708,
colv,2011,Invert Mesic Trap #4,70.43594,-150.67667,
colv,2011,Field camp (housing),70.43698,-150.67647,
colv,2011,Insect wet transect start,70.43678,-150.6763,
colv,2011,Invert Mesic Trap #1,70.43678,-150.6763,
colv,2011,Invert Mesic Trap #2,70.43653,-150.67627,
colv,2011,Pond Hydrology Pond #3,70.43477,-150.6762,
colv,2011,Invert Mesic Trap #3,70.43626,-150.67618,
colv,2011,Insect dry transect start,70.43666,-150.67569,
colv,2011,Invert Dry Trap #1,70.43666,-150.67569,
colv,2011,Invert Dry Trap #3,70.43546,-150.67561,
colv,2011,Lemming Winter nest transect 4 start,70.43658,-150.67555,
colv,2011,Snow Survey South 3,70.42585,-150.67503,
colv,2011,Weather station ,70.43645,-150.67491,
colv,2011,Insect dry transect stop,70.43484,-150.67447,
colv,2011,Invert Dry Trap #5,70.43484,-150.67447,
colv,2011,Invert Dry Trap #4,70.43533,-150.67432,
colv,2011,Snow Survey South 1,70.43481,-150.67401,
colv,2011,Snow Survey South 10,70.41682,-150.6707,
colv,2011,Snow Survey South 7,70.424,-150.66989,
colv,2011,Snow Survey South 4,70.42578,-150.66968,
colv,2011,Lemming Winter nest transect 4 stop,70.42759,-150.66948,
colv,2011,Lemming Winter nest transect 5 start,70.42757,-150.66948,
colv,2011,Snow Survey South 2,70.42757,-150.66948,
colv,2011,Snow Survey South 8,70.42236,-150.66631,
colv,2011,Invert Dry Trap #2,70.43607,-150.65503,
colv,2012,Snow Survey North 9,70.43421,-150.7153,
colv,2012,Snow Survey North 1,70.44848,-150.70834,
colv,2012,Snow Survey North 7,70.43766,-150.70419,
colv,2012,Lemming Winter nest transect 3 stop,70.4353,-150.70404,
colv,2012,Lemming Winter nest transect 4 start,70.4353,-150.70404,
colv,2012,Snow Survey North 6,70.43945,-150.70399,
colv,2012,Lemming Winter nest transect 2 stop,70.43671,-150.70328,
colv,2012,Lemming Winter nest transect 3 start,70.43671,-150.70328,
colv,2012,Snow Survey North 10,70.43401,-150.69925,
colv,2012,Snow Survey North 2,70.44655,-150.69785,
colv,2012,Lemming Winter nest transect 6 stop,70.4418,-150.69757,
colv,2012,Snow Survey South 9,70.42075,-150.69701,
colv,2012,Lemming Winter nest transect 8 stop,70.42548,-150.69374,
colv,2012,Lemming Winter nest transect 1 start,70.44381,-150.69307,
colv,2012,Lemming Winter nest transect 8 start,70.42101,-150.69292,
colv,2012,Snow Survey North 4,70.4429,-150.6929,
colv,2012,Snow Survey South 5,70.42426,-150.69127,
colv,2012,Lemming Winter nest transect 5 stop,70.44106,-150.69106,
colv,2012,Lemming Winter nest transect 1 stop,70.44189,-150.68948,
colv,2012,Lemming Winter nest transect 2 start,70.44189,-150.68948,
colv,2012,Lemming Winter nest transect 6 start,70.44189,-150.68948,
colv,2012,Snow Survey North 5,70.44104,-150.68774,
colv,2012,Snow Survey North 3,70.44463,-150.68735,
colv,2012,Snow Survey South 6,70.42413,-150.68057,
colv,2012,Lemming Winter nest transect 4 stop,70.43825,-150.67868,
colv,2012,Lemming Winter nest transect 5 start,70.43825,-150.67868,
colv,2012,Snow Survey North 8,70.43752,-150.67791,
colv,2012,Lemming Winter nest transect 7 start,70.43658,-150.67555,
colv,2012,Snow Survey South 3,70.42585,-150.67503,
colv,2012,Snow Survey South 1,70.43481,-150.67401,
colv,2012,Snow Survey South 10,70.41682,-150.6707,
colv,2012,Snow Survey South 7,70.424,-150.66989,
colv,2012,Snow Survey South 4,70.42578,-150.66968,
colv,2012,Lemming Winter nest transect 7 stop,70.42759,-150.66948,
colv,2012,Snow Survey South 2,70.42757,-150.66948,
colv,2012,Lemming Winter nest transect 9 stop,70.42731,-150.66814,
colv,2012,Lemming Winter nest transect 9 start,70.41831,-150.66762,
colv,2012,Snow Survey South 8,70.42236,-150.66631,
colv,2013,Snow Survey North 9,70.43421,-150.7153,
colv,2013,Snow Survey North 1,70.44848,-150.70834,
colv,2013,Lemming Winter nest transect 3 stop,70.44423,-150.70529,
colv,2013,Snow Survey North 7,70.43766,-150.70419,
colv,2013,Snow Survey North 6,70.43945,-150.70399,
colv,2013,Lemming Winter nest transect 1 stop,70.43939,-150.70232,
colv,2013,Lemming Winter nest transect 2 start,70.43939,-150.70232,
colv,2013,Lemming Winter nest transect 2 stop,70.44382,-150.70097,
colv,2013,Lemming Winter nest transect 1 start,70.43436,-150.69948,
colv,2013,Snow Survey North 10,70.43401,-150.69925,
colv,2013,Snow Survey North 2,70.44655,-150.69785,
colv,2013,Snow Survey South 9,70.42075,-150.69701,
colv,2013,Snow Survey North 4,70.4429,-150.6929,
colv,2013,Lemming Winter nest transect 7 start,70.42512,-150.69287,
colv,2013,Snow Survey South 5,70.42426,-150.69127,
colv,2013,Snow Survey North 5,70.44104,-150.68774,
colv,2013,Snow Survey North 3,70.44463,-150.68735,
colv,2013,Lemming Winter nest transect 7 stop,70.42684,-150.68341,
colv,2013,Snow Survey South 6,70.42413,-150.68057,
colv,2013,Lemming Winter nest transect 6 start,70.4228,-150.67863,
colv,2013,Lemming Winter nest transect 3 start,70.43753,-150.67847,
colv,2013,Snow Survey North 8,70.43752,-150.67791,
colv,2013,Field camp (housing),70.437,-150.67648,
colv,2013,Lemming Winter nest transect 4 start,70.4366,-150.67606,
colv,2013,Lemming Winter nest transect 5 stop,70.42377,-150.67552,
colv,2013,Snow Survey South 3,70.42585,-150.67503,
colv,2013,Weather station ,70.43644,-150.67485,
colv,2013,Snow Survey South 1,70.43481,-150.67401,
colv,2013,Lemming Winter nest transect 6 stop,70.41901,-150.67145,
colv,2013,Snow Survey South 10,70.41682,-150.6707,
colv,2013,Snow Survey South 7,70.424,-150.66989,
colv,2013,Snow Survey South 4,70.42578,-150.66968,
colv,2013,Snow Survey South 2,70.42757,-150.66948,
colv,2013,Lemming Winter nest transect 5 start,70.42738,-150.66753,
colv,2013,Snow Survey South 8,70.42236,-150.66631,
colv,2013,Lemming Winter nest transect 4 stop,70.42825,-150.66589,
colv,2013,Terrestrial insect trap #4,70.435327,-150.674322,
colv,2013,Terrestrial insect trap #5,70.434848,-150.674478,
colv,2013,Terrestrial insect trap #2,70.436105,-150.675063,
colv,2013,Terrestrial insect trap #3,70.435484,-150.6757,
colv,2013,Terrestrial insect trap #1,70.43664,-150.675718,
colv,2013,Mesic insect trap #3,70.43625,-150.676232,
colv,2013,Aquatic insect trap #3,70.434729,-150.676266,
colv,2013,Mesic insect trap #2,70.436533,-150.67633,
colv,2013,Mesic insect trap #1,70.436779,-150.676353,
colv,2013,Mesic insect trap #4,70.435946,-150.676671,
colv,2013,Aquatic insect trap #2,70.434861,-150.676931,
colv,2013,Mesic insect trap #5,70.435629,-150.677256,
colv,2013,Aquatic insect trap #4,70.434245,-150.677752,
colv,2013,Aquatic insect trap #1,70.435345,-150.678392,
colv,2013,Aquatic insect trap #5,70.433885,-150.67894,
colv,2013,Insect Aquatic transect start,2-Jun-13,,
colv,2013,Insect Aquatic transect stop,20-Jul-13,,
colv,2013,Insect dry transect start,28-May-13,,
colv,2013,Insect dry transect stop,20-Jul-13,,
colv,2013,Insect Mesic transect start,8-Jun-13,,
colv,2013,Insect Mesic transect stop,20-Jul-13,,
eaba,2011,LNW,63.99367,-81.74592,
eaba,2011,HNW,63.98669,-81.73661,
eaba,2011,DNW,63.97794,-81.72817,
eaba,2011,KNW,63.998,-81.72789,
eaba,2011,GNW,63.99019,-81.71772,
eaba,2011,CNW,63.98189,-81.70975,
eaba,2011,JNW,64.00222,-81.70844,
eaba,2011,FNW,63.99414,-81.69947,
eaba,2011,Field camp (housing),63.98702778,-81.69661111,
eaba,2011,Weather station ,63.98702778,-81.69661111,
eaba,2011,BNW,63.98583,-81.69136,
eaba,2011,INW,64.00481,-81.68875,
eaba,2011,ENW,63.99661,-81.67944,
eaba,2011,ANW,63.98828,-81.67158,
eaba,2012,"Weather station (island camp, ~6km away)",64.029722,-81.787972,
eaba,2012,LNW,63.99367,-81.74592,
eaba,2012,HNW,63.98669,-81.73661,
eaba,2012,Plot DNW,63.97794,-81.72817,
eaba,2012,KNW,63.998,-81.72789,
eaba,2012,GNW,63.99019,-81.71772,
eaba,2012,Plot CNW,63.98189,-81.70975,
eaba,2012,JNW,64.00222,-81.70844,
eaba,2012,Insect dry transect stop,63.98664,-81.70483,
eaba,2012,FNW,63.99414,-81.69947,
eaba,2012,Field camp (housing),63.98702778,-81.69661111,
eaba,2012,Insect wet transect stop,63.98569,-81.69626,
eaba,2012,Insect dry transect start,63.98607,-81.69531,
eaba,2012,Insect wet transect start,63.98607,-81.69531,
eaba,2012,Plot BNW,63.98583,-81.69136,
eaba,2012,INW,64.00481,-81.68875,
eaba,2012,Plot ENW,63.99661,-81.67944,
eaba,2012,Plot ANW,63.98828,-81.67158,
eaba,2013,Plot L (NW),63.99367,-81.74592,
eaba,2013,Plot H (NW),63.98669,-81.73661,
eaba,2013,Plot D (NW),63.97794,-81.72817,
eaba,2013,Plot K (NW),63.998,-81.72789,
eaba,2013,Plot G (NW),63.99019,-81.71772,
eaba,2013,Plot C (NW),63.98189,-81.70975,
eaba,2013,Plot J (NW),64.00222,-81.70844,
eaba,2013,Insect dry transect start,63.98745,-81.70118,
eaba,2013,Insect dry transect stop,63.98783,-81.70092,
eaba,2013,Plot F (NW),63.99414,-81.69947,
eaba,2013,Field camp (housing),63.98708,-81.6962,
eaba,2013,Lemming Winter nest transect start,63.98708,-81.6962,
eaba,2013,Lemming Winter nest transect stop,63.98708,-81.6962,
eaba,2013,Weather station ,63.98708,-81.6962,
eaba,2013,Insect wet transect stop,63.98658,-81.69585,
eaba,2013,Insect wet transect start,63.98679,-81.6949,
eaba,2013,Plot B (NW),63.98583,-81.69136,
eaba,2013,Plot I (NW),64.00481,-81.68875,
eaba,2013,Plot E (NW),63.99661,-81.67944,
eaba,2013,Plot A (NW),63.98828,-81.67158,
iglo,2013,Lemming Winter nest transect2 start,69.39915,-81.56856,
iglo,2013,Lemming Winter nest transect4 start,69.39915,-81.56856,
iglo,2013,Lemming Winter nest transect2 stop,69.39255,-81.56594,
iglo,2013,Lemming Winter nest transect4 stop,69.39255,-81.56594,
iglo,2013,Lemming Winter nest transect1 stop,69.40001,-81.56357,
iglo,2013,Lemming Winter nest transect3 start,69.38991,-81.55088,
iglo,2013,Lemming live trapping grid north-east corner (mesic),69.389424,-81.550791,
iglo,2013,Lemming Winter nest transect3 stop,69.38398,-81.54526,
iglo,2013,Lemming Winter nest transect1 start,69.39818,-81.54513,
iglo,2013,Field camp (housing),69.39851,-81.54387,
iglo,2013,Weather station ,69.39889,-81.54281,
iglo,2013,Lemming live trapping grid north-east corner (wetland),69.394241,-81.541901,
iglo,2013,Insect wet transect start,69.39822,-81.54031,
iglo,2013,Insect wet transect stop,69.3982,-81.53874,
iglo,2013,Insect mesic transect start,69.39869,-81.53837,
iglo,2013,Insect mesic transect stop,69.39884,-81.53701,
iglo,2014,Lemming Winter nest transect2 start,69.39915,-81.56856,
iglo,2014,Lemming Winter nest transect4 start,69.39915,-81.56856,
iglo,2014,Lemming Winter nest transect2 stop,69.39255,-81.56594,
iglo,2014,Lemming Winter nest transect4 stop,69.39255,-81.56594,
iglo,2014,Lemming Winter nest transect1 stop,69.40001,-81.56357,
iglo,2014,Lemming Winter nest transect3 start,69.38991,-81.55088,
iglo,2014,Lemming live trapping grid north-east corner (mesic),69.389424,-81.550791,
iglo,2014,Lemming Winter nest transect3 stop,69.38398,-81.54526,
iglo,2014,Lemming Winter nest transect1 start,69.39818,-81.54513,
iglo,2014,Field camp (housing),69.39851,-81.54387,
iglo,2014,Weather station ,69.39889,-81.54281,
iglo,2014,Lemming live trapping grid north-east corner (wetland),69.394241,-81.541901,
iglo,2014,Insect wet transect start,69.39822,-81.54031,
iglo,2014,Insect wet transect stop,69.3982,-81.53874,
iglo,2014,Insect mesic transect start,69.39869,-81.53837,
iglo,2014,Insect mesic transect stop,69.39884,-81.53701,
ikpi,2014,Field camp (housing),70.55254,-154.73534,
ikpi,2014,Lemming Winter nest transect stop,70.5555,-154.72511,
ikpi,2014,Lemming Winter nest transect start,70.55684,-154.69867,
lkri,2012,Lemming Winter nest transect stop,72.86004142,106.1277671,
lkri,2012,Lemming Winter nest transect start,72.84984486,106.0425791,
lkri,2012,Field camp (housing),72.84892341,106.0398077,
lkri,2012,Weather station ,72.84892341,106.0398077,
made,2011,Nest plot ID niglintgak uplands northwest corner,69.3404781,-135.3668091,
made,2011,niglintgak upland water surface point b1,69.33975488,-135.3652984,
made,2011,niglintgak upland water surface point b2,69.34027041,-135.3632246,
made,2011,niglintgak upland water surface point c3,69.34006254,-135.3596909,
made,2011,niglintgak upland water surface point a5,69.34255809,-135.3585132,
made,2011,niglintgak upland water surface point d6,69.34088543,-135.3520091,
made,2011,Nest plot ID niglintgak lowlands northwest corner,69.32357311,-135.3495704,
made,2011,niglintgak upland water surface point c9,69.34317286,-135.3472711,
made,2011,niglintgak upland water surface point g7,69.3392035,-135.3455312,
made,2011,niglintgak upland water surface point b11,69.34493595,-135.3445813,
made,2011,niglintgak lowland water surface point d21,69.32396804,-135.34039,
made,2011,niglintgak upland water surface point e11,69.34274748,-135.3401777,
made,2011,niglintgak upland water surface point d13,69.34451042,-135.3375128,
made,2011,niglintgak lowland water surface point h22,69.32700183,-135.3344477,
made,2011,niglintgak lowland water surface point b14,69.3180645,-135.3324829,
made,2011,niglintgak lowland water surface point f17,69.32245482,-135.3298859,
made,2011,niglintgak lowland water surface point j18,69.32549722,-135.3239427,
made,2011,niglintgak lowland water surface point i15,69.3228844,-135.3208076,
made,2011,niglintgak lowland water surface point g11,69.31900654,-135.3179339,
made,2011,niglintgak lowland water surface point b5,69.31200345,-135.3174252,
made,2011,niglintgak lowland water surface point e7,69.31512869,-135.3150358,
made,2011,niglintgak lowland water surface point h4,69.31487883,-135.3043018,
made,2011,Nest plot ID taglu northwest corner,69.37892427,-134.9778653,
made,2011,taglu water surface point b2,69.36995607,-134.9753314,
made,2011,taglu water surface point b8,69.37533679,-134.9753252,
made,2011,taglu water surface point d5,69.37264563,-134.9702414,
made,2011,taglu water surface point e8,69.37533554,-134.9676939,
made,2011,taglu water surface point e11,69.37802589,-134.9676898,
made,2011,taglu water surface point f3,69.37085112,-134.9651573,
made,2011,taglu water surface point h7,69.37443716,-134.9600642,
made,2011,taglu water surface point i10,69.37712691,-134.9575152,
made,2011,aquatic sweep pond #4,69.36953,-134.95435,
made,2011,aquatic sweep pond #5,69.36876,-134.95346,
made,2011,aquatic sweep pond #3,69.3698,-134.9529,
made,2011,taglu water surface point l7,69.37443453,-134.9498894,
made,2011,taglu water surface point l10,69.37712488,-134.9498832,
made,2011,fish island a water surface point a1,69.34235892,-134.9309907,
made,2011,fish island a water surface point a12,69.35178969,-134.9228039,
made,2011,fish island a water surface point c8,69.347834,-134.9209126,
made,2011,fish island a water surface point e3,69.34301772,-134.9197872,
made,2011,Nest plot ID fish a northwest corner,69.35689936,-134.9183886,
made,2011,fish island a water surface point d11,69.35014553,-134.9162544,
made,2011,fish island a water surface point c16,69.3546916,-134.9149407,
made,2011,fish island a water surface point g6,69.34506794,-134.9126924,
made,2011,fish island b water surface point d2,69.3593708,-134.9108806,
made,2011,fish island a water surface point g10,69.34849215,-134.909706,
made,2011,fish island a water surface point f14,69.35218663,-134.9091569,
made,2011,fish island b water surface point c6,69.36231787,-134.9045637,
made,2011,fish island a water surface point h17,69.35422745,-134.9020581,
made,2011,fish island b water surface point a11,69.36652897,-134.897883,
made,2011,fish island b water surface point f8,69.36135328,-134.8958229,
made,2011,aquatic sweep pond #2,69.3703,-134.8937,
made,2011,fish island b water surface point d11,69.36443657,-134.8930876,
made,2011,aquatic sweep pond #1,69.3727,-134.8926,
made,2011,Insect dry transect start,69.37382419,-134.890243,
made,2011,Insect wet transect stop,69.37400326,-134.8898352,
made,2011,Insect dry transect stop,69.37340212,-134.8893804,
made,2011,Insect wet transect start,69.37359017,-134.8889471,
made,2011,fish island b water surface point d15,69.36669142,-134.8851684,
made,2011,fish island b water surface point g13,69.3634714,-134.8843465,
made,2011,fish island b water surface point a18,69.3704751,-134.8840293,
made,2011,Nest plot ID fish b northwest corner,69.37215709,-134.8782212,
made,2011,fish island b water surface point g18,69.36628043,-134.8744403,
made,2011,fish island b water surface point e20,69.36880881,-134.8736627,
made,2012,coast,69.4304,-135.2433,
made,2012,"far gravel, west side of taglu island",69.4232,-135.0159,
made,2012,Insect dry transect start,69.37388,-134.89018,
made,2012,Insect wet transect start,69.37401,-134.88998,
made,2012,Insect dry transect stop,69.37344,-134.8894,
made,2012,Insect wet transect stop,69.37343,-134.88904,
made,2013,Nig Lo northwest corner,69.32357,-135.34956,
made,2013,Nig Hi northwest corner,69.34722,-135.33987,
made,2013,Outcamp,69.31433,-135.32567,
made,2013,Taglu northwest corner,69.37892,-134.97787,
made,2013,Intensive plot Taglu E NW corner,69.37761,-134.95807,
made,2013,Fish A northwest corner,69.3569,-134.9184,
made,2013,Intensive plot Fish I NW corner,69.35576,-134.91264,
made,2013,Intensive plot Fish G NW corner,69.36648,-134.90312,
made,2013,Weather station ,69.37283,-134.89307,
made,2013,Main field camp (housing),69.37293,-134.89288,
made,2013,Fish B northwest corner,69.37216,-134.87822,
made,2014,nig lo northwest corner,69.32357,-135.34956,
made,2014,nig hi northwest corner,69.34722,-135.33987,
made,2014,taglu northwest corner,69.37892,-134.97787,
made,2014,intensive plot taglu b nw corner,69.37493,-134.97592,
made,2014,intensive plot taglu d nw corner,69.37895,-134.96954,
made,2014,fish a northwest corner,69.3569,-134.9184,
made,2014,intensive plot fish h nw corner,69.36221,-134.91347,
made,2014,outcamp,69.37296,-134.89331,
made,2014,weather station ,69.37291,-134.89305,
made,2014,main field camp (housing),69.37293,-134.89288,
made,2014,fish b northwest corner,69.37216,-134.87822,
nome,2011,Field camp (housing),64.44272,-164.96208,
nome,2011,Weather station ,64.44272,-164.96208,
nome,2011,Snow surface water monitor station#1,64.44322,-164.96111,
nome,2011,Lemming live trapping transect 2 stop,64.44697,-164.9592,
nome,2011,Aquatic insect trap #1,64.44389,-164.95918,
nome,2011,Snow surface water monitor station#2,64.44321,-164.95901,
nome,2011,Snow surface water monitor station#3,64.44313,-164.95694,
nome,2011,Insect dry transect start,64.44505,-164.95656,
nome,2011,Lemming live trapping transect 1 start,64.44395,-164.95592,
nome,2011,Lemming live trapping transect 2 start,64.44661,-164.95552,
nome,2011,Lemming live trapping transect 1 stop,64.44554,-164.95537,
nome,2011,Insect dry transect stop,64.44509,-164.95532,
nome,2011,Snow surface water monitor station#4,64.44307,-164.95486,
nome,2011,Insect wet transect start,64.44462,-164.95438,
nome,2011,Aquatic insect trap #2,64.44492,-164.95403,
nome,2011,Insect wet transect stop,64.44416,-164.95397,
nome,2011,Snow surface water monitor station#5,64.44302,-164.95282,
nome,2011,Aquatic insect trap #5,64.44466,-164.95171,
nome,2011,Aquatic insect trap #3,64.44385,-164.95073,
nome,2011,Snow surface water monitor station#6,64.44296,-164.95073,
nome,2011,Aquatic insect trap #4,64.44453,-164.95012,
nome,2011,Snow surface water monitor station#7,64.4429,-164.94865,
nome,2011,Snow surface water monitor station#8,64.44284,-164.94658,
nome,2011,Snow surface water monitor station#9,64.44279,-164.9445,
nome,2011,Snow surface water monitor station#10,64.44275,-164.94241,
nome,2011,Snow surface water monitor station#11,64.4427,-164.93961,
nome,2011,Snow surface water monitor station#12,64.44264,-164.93753,
nome,2011,Snow surface water monitor station#13,64.44258,-164.93542,
nome,2011,Snow surface water monitor station#14,64.44252,-164.93332,
nome,2011,Snow surface water monitor station#15,64.44247,-164.93127,
nome,2011,Snow surface water monitor station#16,64.44241,-164.9292,
nome,2011,Snow surface water monitor station#17,64.44237,-164.92712,
nome,2011,Snow surface water monitor station#18,64.44233,-164.92503,
nome,2011,Snow surface water monitor station#19,64.44228,-164.92296,
nome,2011,Snow surface water monitor station#20,64.44222,-164.92088,
nome,2012,Lemming Winter nest transect-02 start,64.44408,-164.95004,
nome,2012,Lemming Winter nest transect-02 stop,64.44619,-164.94463,
nome,2012,Lemming live trapping station #92,64.44767,-164.94211,
nome,2012,Lemming live trapping station #93,64.44782,-164.94202,
nome,2012,Lemming live trapping station #88,64.44725,-164.942,
nome,2012,Lemming live trapping station #87,64.44711,-164.94199,
nome,2012,Lemming live trapping station #86,64.44698,-164.94188,
nome,2012,Lemming live trapping station #91,64.4476,-164.94177,
nome,2012,Lemming live trapping station #85,64.44685,-164.94174,
nome,2012,Lemming live trapping station #84,64.44672,-164.94171,
nome,2012,Lemming live trapping station #89,64.44732,-164.94168,
nome,2012,Lemming live trapping station #94,64.44788,-164.94167,
nome,2012,Lemming live trapping station #83,64.44661,-164.94153,
nome,2012,Lemming live trapping station #90,64.44749,-164.94148,
nome,2012,Lemming live trapping station #95,64.44785,-164.94128,
nome,2012,Lemming live trapping station #82,64.44662,-164.94124,
nome,2012,Lemming live trapping station #96,64.4479,-164.94093,
nome,2012,Lemming live trapping station #81,64.44667,-164.9409,
nome,2012,Lemming live trapping station #76,64.44728,-164.94086,
nome,2012,Lemming live trapping station #80,64.44678,-164.94078,
nome,2012,Lemming live trapping station #97,64.44798,-164.94067,
nome,2012,Lemming live trapping station #79,64.44691,-164.94064,
nome,2012,Lemming live trapping station #77,64.44716,-164.94058,
nome,2012,Lemming live trapping station #78,64.44701,-164.94052,
nome,2012,Lemming live trapping station #98,64.44803,-164.94032,
nome,2012,Lemming live trapping station #99,64.44806,-164.93996,
nome,2012,Lemming live trapping station #100,64.44799,-164.93962,
nome,2012,Lemming live trapping station #75,64.44656,-164.93741,
nome,2012,Lemming live trapping station #74,64.44643,-164.93733,
nome,2012,Lemming live trapping station #72,64.44616,-164.93729,
nome,2012,Lemming live trapping station #73,64.4463,-164.93729,
nome,2012,Lemming live trapping station #71,64.44604,-164.93721,
nome,2012,Lemming live trapping station #70,64.44594,-164.937,
nome,2012,Lemming Winter nest transect-01 start,64.4449,-164.93697,
nome,2012,Lemming live trapping station #37,64.44772,-164.93694,
nome,2012,Lemming live trapping station #38,64.44759,-164.93686,
nome,2012,Lemming live trapping station #69,64.44583,-164.93678,
nome,2012,Lemming live trapping station #39,64.44744,-164.93672,
nome,2012,Lemming live trapping station #67,64.44552,-164.93672,
nome,2012,Lemming live trapping station #68,64.4457,-164.93669,
nome,2012,Lemming live trapping station #36,64.44781,-164.93668,
nome,2012,Lemming live trapping station #40,64.44728,-164.93661,
nome,2012,Lemming live trapping station #41,64.44717,-164.93661,
nome,2012,Lemming live trapping station #42,64.44704,-164.93651,
nome,2012,Lemming live trapping station #35,64.44788,-164.93636,
nome,2012,Lemming live trapping station #66,64.44553,-164.93634,
nome,2012,Lemming live trapping station #43,64.4471,-164.93629,
nome,2012,Lemming live trapping station #34,64.44796,-164.93605,
nome,2012,Lemming live trapping station #44,64.44724,-164.93596,
nome,2012,Lemming live trapping station #65,64.44549,-164.93596,
nome,2012,Lemming live trapping station #33,64.44804,-164.93575,
nome,2012,Lemming live trapping station #45,64.44733,-164.93575,
nome,2012,Lemming live trapping station #64,64.4454,-164.93564,
nome,2012,Lemming live trapping station #46,64.44749,-164.93555,
nome,2012,Lemming live trapping station #32,64.4481,-164.93544,
nome,2012,Lemming live trapping station #63,64.44527,-164.93533,
nome,2012,Lemming live trapping station #47,64.44759,-164.93532,
nome,2012,Lemming live trapping station #31,64.44814,-164.93513,
nome,2012,Lemming live trapping station #62,64.44514,-164.93512,
nome,2012,Lemming live trapping station #48,64.44769,-164.93506,
nome,2012,Lemming live trapping station #49,64.44778,-164.93483,
nome,2012,Lemming live trapping station #17,64.44713,-164.93477,
nome,2012,Lemming live trapping station #30,64.44817,-164.93477,
nome,2012,Lemming live trapping station #61,64.44507,-164.93477,
nome,2012,Lemming live trapping station #18,64.44731,-164.93472,
nome,2012,Lemming live trapping station #16,64.44698,-164.93469,
nome,2012,Lemming live trapping station #15,64.44686,-164.93457,
nome,2012,Lemming live trapping station #50,64.44788,-164.93454,
nome,2012,Lemming live trapping station #19,64.44743,-164.93446,
nome,2012,Lemming live trapping station #29,64.44821,-164.93446,
nome,2012,Lemming live trapping station #20,64.44755,-164.93439,
nome,2012,Lemming live trapping station #14,64.44669,-164.93437,
nome,2012,Lemming live trapping station #22,64.44793,-164.9342,
nome,2012,Lemming live trapping station #28,64.44829,-164.93417,
nome,2012,Lemming live trapping station #59,64.44486,-164.93416,
nome,2012,Lemming live trapping station #13,64.44666,-164.93405,
nome,2012,Lemming live trapping station #23,64.44801,-164.93393,
nome,2012,Lemming Winter nest transect-01 stop,64.44321,-164.93393,
nome,2012,Lemming live trapping station #58,64.44474,-164.9339,
nome,2012,Lemming live trapping station #27,64.4483,-164.93373,
nome,2012,Lemming live trapping station #57,64.4446,-164.9337,
nome,2012,Lemming live trapping station #24,64.44808,-164.93362,
nome,2012,Lemming live trapping station #12,64.44662,-164.93358,
nome,2012,Lemming live trapping station #56,64.44444,-164.93358,
nome,2012,Lemming live trapping station #26,64.44835,-164.93346,
nome,2012,Lemming live trapping station #11,64.44675,-164.93344,
nome,2012,Lemming live trapping station #55,64.44434,-164.93332,
nome,2012,Lemming live trapping station #25,64.44816,-164.93327,
nome,2012,Lemming live trapping station #6,64.44725,-164.93323,
nome,2012,Lemming live trapping station #54,64.44427,-164.93307,
nome,2012,Lemming live trapping station #5,64.44738,-164.93304,
nome,2012,Lemming live trapping station #1,64.4437,-164.93303,
nome,2012,Lemming live trapping station #7,64.44712,-164.93303,
nome,2012,Lemming live trapping station #10,64.44684,-164.93298,
nome,2012,Lemming live trapping station #4,64.44746,-164.93286,
nome,2012,Lemming live trapping station #9,64.44691,-164.93271,
nome,2012,Lemming live trapping station #53,64.44425,-164.93269,
nome,2012,Lemming live trapping station #8,64.44707,-164.93262,
nome,2012,Lemming live trapping station #3,64.44754,-164.93243,
nome,2012,Lemming live trapping station #52,64.44426,-164.93239,
nome,2012,Lemming live trapping station #2,64.44764,-164.93219,
nome,2012,Lemming live trapping station #51,64.44424,-164.93198,
prba,2014,Lemming Winter nest transect stop,70.27642,-148.80746,
prba,2014,nest monitoring plot 5 start,70.27642,-148.80746,
prba,2014,Lemming Winter nest transect stop,70.27946,-148.79816,
prba,2014,nest monitoring plot 6 start,70.27946,-148.79816,
prba,2014,Lemming Winter nest transect start,70.26928,-148.79143,
prba,2014,nest monitoring plot 5 end,70.26928,-148.79143,
prba,2014,Lemming Winter nest transect start,70.35368,-148.78352,
prba,2014,nest monitoring plot 8 start,70.35368,-148.78352,
prba,2014,Lemming Winter nest transect start,70.27367,-148.7779,
prba,2014,nest monitoring plot 6 end,70.27367,-148.7779,
prba,2014,Lemming Winter nest transect stop,70.34536,-148.77359,
prba,2014,nest monitoring plot 8 end,70.34536,-148.77359,
prba,2014,nest monitoring plot 7 start,70.35429,-148.76209,
prba,2014,nest monitoring plot 7 end,70.34528,-148.76034,
prba,2014,nest monitoring plot 12 start,70.35033,-148.65177,
prba,2014,nest monitoring plot 11 start,70.36666,-148.64484,
prba,2014,nest monitoring plot 11 end,70.35787,-148.63963,
prba,2014,nest monitoring plot 12 end,70.35325,-148.62656,
prba,2014,Lemming Winter nest transect stop,70.26305,-148.55305,
prba,2014,nest monitoring plot 2 end,70.26305,-148.55305,
prba,2014,Lemming Winter nest transect start,70.27148,-148.54416,
prba,2014,nest monitoring plot 2 start,70.27148,-148.54416,
prba,2014,Lemming Winter nest transect start,70.2674,-148.53943,
prba,2014,nest monitoring plot 1 end,70.2674,-148.53943,
prba,2014,Lemming Winter nest transect stop,70.27622,-148.53428,
prba,2014,nest monitoring plot 1 start,70.27622,-148.53428,
prba,2014,Lemming Winter nest transect start,70.20904,-148.53036,
prba,2014,nest monitoring plot 9 end,70.20904,-148.53036,
prba,2014,Lemming Winter nest transect stop,70.22212,-148.52107,
prba,2014,nest monitoring plot 10 end,70.22212,-148.52107,
prba,2014,Lemming Winter nest transect stop,70.20101,-148.5189,
prba,2014,nest monitoring plot 9 start,70.20101,-148.5189,
prba,2014,Lemming Winter nest transect start,70.21377,-148.5118,
prba,2014,nest monitoring plot 10 start,70.21377,-148.5118,
prba,2014,nest monitoring plot 21 end,70.23844,-148.10294,
prba,2014,nest monitoring plot 22 end,70.2383,-148.0897,
prba,2014,nest monitoring plot 21 start,70.23574,-148.0777,
prba,2014,nest monitoring plot 22 start,70.24628,-148.07735,
prba,2014,Predator point counts,see nest monitoring plot start and end points,,
prba,2014,Lemming live transect count start,see nest monitoring plot start points,,
prba,2014,Lemming live transect count stop,see nest monitoring plot end points,,
barr,2010,Field camp (housing),71.30153,-156.76003,
barr,2010,Weather station ,Barrow airport weather station,,
barr,2010,Insect dry transect start:,71.28849,156.65570,
barr,2010,Insect dry transect stop:,71.28907,156.65410,
barr,2010,Insect wet transect start:,71.28901,156.65678,
barr,2010,Insect wet transect stop:,71.28954,156.65715,
barr,2010,Aquatic insect trap #1,71.28846,156.66159,
barr,2010,Aquatic insect trap #2,71.28851,156.66061,
barr,2010,Aquatic insect trap #3,71.28873,156.66072,
barr,2010,Aquatic insect trap #4,71.28880,156.65720,
barr,2010,Aquatic insect trap #5,71.28918,156.65756,
barr,2010,Lemming Winter nest transect start:,see lemming data ,see lemming data,
barr,2010,Lemming Winter nest transect stop:,see lemming data ,see lemming data,
barr,2010,Lemming live transect count start:,n/a,n/a,
barr,2010,Lemming live transect count stop:,n/a,n/a,
barr,2010,"Predator point count c7, plot 1",71.29892,-156.63867,
barr,2010,"Predator point count g7, plot 1",71.29806,-156.63374,
barr,2010,"Predator point count k7, plot 1",71.29723,-156.62883,
barr,2010,"Predator point count c7, plot 2",71.29472,-156.64970,
barr,2010,"Predator point count g7, plot 2",71.29283,-156.65007,
barr,2010,"Predator point count k7, plot 2",71.29096,-156.65042,
barr,2010,"Predator point count c7, plot 3",71.27109,-156.53017,
barr,2010,"Predator point count g7, plot 3",71.26931,-156.52945,
barr,2010,"Predator point count k7, plot 3",71.26751,-156.52879,
barr,2010,"Predator point count c7, plot 5",71.26391,-156.52699,
barr,2010,"Predator point count g7, plot 5",71.26216,-156.51963,
barr,2010,"Predator point count k7, plot 5",71.26038,-156.51925,
barr,2010,"Predator point count c7, plot 6",71.24365,-156.54669,
barr,2010,"Predator point count g7, plot 6",71.24185,-156.54689,
barr,2010,"Predator point count k7, plot 6",71.24004,-156.54709,
barr,2010,"Predator point count c7, plot 8",71.24916,-156.57774,
barr,2010,"Predator point count g7, plot 8",71.24737,-156.57796,
barr,2010,"Predator point count k7, plot 8",71.24557,-156.57819,
barr,2010,Plot 1 northwest corner,71.29689,-156.64528,
barr,2010,Plot 2 northwest corner,71.29580,-156.65819,
barr,2010,Plot 3 northwest corner,71.27173,-156.53875,
barr,2010,Plot 5 northwest corner,71.26466,-156.53570,
barr,2010,Plot 6 northwest corner,71.24462,-156.55490,
barr,2010,Plot 8 northwest corner,71.25016,-156.58598,
